Sub_tree_id,npart,zcurr,tcurr,sn_zcurr,sn_z025,sn_z050,mstar_zcurr,fbound_zcurr,sigma50_zcurr,phase-state_zcurr,age50_prog_zcurr,age50_stream_zcurr,sigma_t_prog_zcurr,sigma_t_stream_zcurr,Z50_prog_zcurr,Z50_stream_zcurr,sigma_Z_prog_zcurr,sigma_Z_stream_zcurr,sigma_r_zcurr,mstar_z025,fbound_z025,sigma50_z025,phase-state_z025,age50_prog_z025,age50_stream_z025,sigma_t_prog_z025,sigma_t_stream_z025,Z50_prog_z025,Z50_stream_z025,sigma_Z_prog_z025,sigma_Z_stream_z025,sigma_r_z025,mstar_z050,fbound_z050,sigma50_z050,phase-state_z050,age50_prog_z050,age50_stream_z050,sigma_t_prog_z050,sigma_t_stream_z050,Z50_prog_z050,Z50_stream_z050,sigma_Z_prog_z050,sigma_Z_stream_z050,sigma_r_z050,stellar_mass,dm_mass,r_50_stars,scale_radius,gas_mass,sigma_stellar,sigma_dm,t_infall,t_quenching,birth_snap,death_snap,l_orbit_infall_x,l_orbit_infall_y,l_orbit_infall_z,l_orbit_z_curr_x,l_orbit_z_curr_y,l_orbit_z_curr_z,l_orbit_z025_x,l_orbit_z025_y,l_orbit_z025_z,l_orbit_z050_x,l_orbit_z050_y,l_orbit_z050_z,angle_orbit_disk_infall,angle_orbit_disk_z_curr,angle_orbit_disk_z025,angle_orbit_disk_z050,apocenter_radius,pericenter_radius,apocenter_time,pericenter_time,apocenter_detection,pericenter_detection,eccentricity
-1,21688,0.001035,13.821473,363,277,212,-999.0,-999.0,-999.0,-999,-999.0,-999.0,-999.0,-999.0,-999.0,-999.0,-999.0,-999.0,-999.0,-999.0,-999.0,-999.0,-999,-999.0,-999.0,-999.0,-999.0,-999.0,-999.0,-999.0,-999.0,-999.0,-999.0,-999.0,-999.0,-999,-999.0,-999.0,-999.0,-999.0,-999.0,-999.0,-999.0,-999.0,-999.0,,,,,,,,,,,,,,,,,,,,,,,,,,,,,,,,,,
3877,1,0.001035,13.821473,363,277,212,7301.108944457172,0.0,9999.0,2,,13.36982855461562,,0.0,,-2.634433488198208,,0.0,0.0,7301.915242467241,0.0,9999.0,2,,10.32918901452104,,0.0,,-2.634433488198208,,0.0,0.0,7303.116325071977,0.0,9999.0,2,,8.124061389700076,,0.0,,-2.634433488198208,,0.0,0.0,,,,,,,,,,,,,,,,,,,,,,,,,,,,,,,,,,
3882,15,0.001035,13.821473,363,277,212,118592.17220782774,0.0,119.49354441748386,2,,13.60952490135184,,0.0011259258442983,,-3.695658316543831,,0.3922239403622234,1.759786489589304,118596.56690058396,0.0,144.7104613579161,2,,10.56888536125726,,0.0011259258442983,,-3.695658316543831,,0.3922239403622234,1.1499726987226595,118603.1381414751,0.0,125.17761659684008,2,,8.363757736436296,,0.0011259258442983,,-3.695658316543831,,0.3922239403622235,2.402843404998728,,,,,,,,,,,,,,,,,,,,,,,,,,,,,,,,,,
3932,1532196,0.001035,13.821473,363,277,212,-999.0,-999.0,-999.0,-999,-999.0,-999.0,-999.0,-999.0,-999.0,-999.0,-999.0,-999.0,-999.0,-999.0,-999.0,-999.0,-999,-999.0,-999.0,-999.0,-999.0,-999.0,-999.0,-999.0,-999.0,-999.0,-999.0,-999.0,-999.0,-999,-999.0,-999.0,-999.0,-999.0,-999.0,-999.0,-999.0,-999.0,-999.0,,,,,,,,,,,,,,,,,,,,,,,,,,,,,,,,,,
3957,10,0.001035,13.821473,363,277,212,70700.26922186902,0.0,9999.0,2,,13.34065484098836,,0.0029881512149175,,-3.943701161276514,,0.3869143896183487,6.160908371418662,70708.69200724551,0.0,9999.0,2,,10.30001530089378,,0.0029881512149175,,-3.943701161276514,,0.3869143896183487,8.514500290328991,70721.37321627799,0.0,9999.0,2,,8.094887676072815,,0.0029881512149175,,-3.943701161276514,,0.3869143896183488,4.588201515547145,,,,,,,,,,,,,,,,,,,,,,,,,,,,,,,,,,
4021,2870,0.001035,13.821473,363,277,212,18904879.74141302,0.0,58.56075992966332,2,,13.205273046901326,,0.2183209236398769,,-2.61003934473844,,1.8030800565640253,8.487139339169897,18909797.346355025,0.0,59.63718745156076,2,,10.164633506806744,,0.2183209236398769,,-2.61003934473844,,1.8030800565640253,8.434920229750347,18917212.69837904,0.0,54.20615701928393,2,,7.959505881985782,,0.2183209236398769,,-2.61003934473844,,1.8030800565640253,6.857268410329399,19914451.986551285,1304612457.7522278,0.1920499371459709,1.0627102023593458,151982907.73171085,33.47817742660378,37.14681054421607,1.1052842140858103,,1.0,28.0,206259974774.16284,-181506370849.62527,-261558810194.85938,-4.0,-4.0,-4.0,-4.0,-4.0,-4.0,-4.0,-4.0,-4.0,75.92856514283697,-4.0,-4.0,-4.0,7.865293664896392,2.474497902476755,1.3180451022472794,1.428864451044674,1.0,1.0,0.5213640649614355
4048,4349,0.001035,13.821473,363,277,212,28726631.653875463,0.0,62.0190418063513,2,,13.024108628710866,,0.1658442184685346,,-2.5244040884788856,,0.7383875136986451,10.864455526831778,28733911.22738375,0.0,62.6565192708376,2,,9.983469088616284,,0.1658442184685346,,-2.5244040884788856,,0.7383875136986451,10.753986626472216,28744876.432184458,0.0,60.028926664336666,2,,7.778341463795322,,0.1658442184685346,,-2.5244040884788856,,0.7383875136986451,8.367585942368972,23814514.27936554,1810790002.3460388,0.3651744479062433,1.4351695722745053,172063516.8543758,36.202070679095,43.77334629419961,0.9217039668658088,,1.0,16.0,137170278746.84604,235687084857.6428,874507238408.1486,-4.0,-4.0,-4.0,-4.0,-4.0,-4.0,-4.0,-4.0,-4.0,19.02567055804052,-4.0,-4.0,-4.0,14.619086116774236,3.009454359367416,1.184490041493263,1.0035621371123102,0.0,0.0,0.6585702187381433
5049,2,0.001035,13.821473,363,277,212,12513.861793799428,0.0,9999.0,2,,12.529955849102508,,0.0007200370753022,,-3.93213908199508,,0.0210629025991702,9.76327141660191,12520.737407468314,0.0,9999.0,2,,9.489316309007927,,0.0007200370753031,,-3.93213908199508,,0.0210629025991702,7.220880380697039,12531.343746485349,0.0,9999.0,2,,7.284188684186965,,0.0007200370753026,,-3.93213908199508,,0.0210629025991702,13.760289172887044,,,,,,,,,,,,,,,,,,,,,,,,,,,,,,,,,,
5912,24928,0.001035,13.821473,363,277,212,136185040.17762092,0.9478604651134368,8.206299028665189,1,8.73679719633472,12.20761601545237,1.9901050719799165,1.194052034480698,-1.2718573106952364,-2.613857894220418,2.326270040033152,5.524238700285394,43.72159236354143,133267087.01338632,0.9643015517634328,11.90672138898265,1,5.731893188952689,9.172088288507044,1.740937387678616,0.8942454744294591,-1.2971563092469385,-2.716238733174897,2.6415911739402813,3.018758572886356,30.46102856765412,132794552.30266656,0.9898815107387624,14.093269352798378,0,3.530675228968511,6.983687041510509,1.659399288992455,0.584924479611382,-1.308885511822342,-2.7237700762870034,2.6908328246423427,2.062039568737232,9.382728488629038,97130415.96114635,5214231610.298157,0.185550229508909,3.0903673816715247,493796886.0680335,50.29886161647008,36.906447350434725,5.542133677436109,12.079460244572104,1.0,363.0,16697130350464.889,-514207816646.9547,20508779906220.254,-8124616709651.513,-1377669742774.6262,4450789689027.633,-6651112618195.746,-722462419708.7876,4278489087329.627,-15742232376430.049,79072429432.02295,12513281896980.02,66.63922784043648,86.98604159531756,83.28891626640186,78.62897551306621,241.21017842228804,27.851245264904748,8.834515710291182,6.129661861853973,1.0,1.0,0.7929748168040304
5986,29,0.001035,13.821473,363,277,212,189575.37324984628,0.1395347821673792,38.997016733441335,2,12.515678507109389,12.513431659529765,0.0539358889589149,0.0823747997227251,-3.574857497655428,-3.3804853739485776,0.3719277396091903,0.4422075601315847,87.65849344785956,189684.09944120364,0.482033135290919,6.822207294248118,1,9.473617518000264,9.473566986175657,0.0862778876925797,0.0682237177817406,-3.469234465972055,-3.394102865359085,0.44604898888249,0.4213412802417824,46.55218941168054,189851.93406667828,0.9329211647836751,6.588479044863808,1,7.26766449461422,7.271878959902247,0.0810712447596935,0.0012724984771343,-3.3804853739485776,-3.86933434847212,0.4342646043899664,0.0817905197910786,13.91816833192863,190717.2008941416,215527191.75815585,0.7015883830988305,0.444186648482488,6408672.851940781,10.688736754273192,12.67450844840437,5.061811332229508,,1.0,363.0,-497831062130.8031,629011177594.5433,-28560676632.67113,-122100818528.2832,63925742783.44177,13922052130.763466,-300332465887.9366,65505987595.46157,87243122388.28023,-441225138471.8797,230353080104.8773,184657412484.6004,83.12138147555905,82.47168659089833,83.85394770042569,57.34052527975344,162.4364585821942,22.133342868203687,7.180397842071333,5.643890917268909,1.0,1.0,0.7601629010350114
8893,306,0.001035,13.821473,363,277,212,2018967.531486794,1.0,9.130100258870405,0,13.196698190411986,,1.0337872312135692,,-3.2535844317760216,,0.8747562976730044,,0.9301175246979853,2020339.805117363,1.0,8.76276581156425,0,10.156058650317403,,1.033787231213569,,-3.2535844317760216,,0.8747562976730044,,0.7740980388920071,2022551.3031337387,1.0,8.942070454250413,0,7.950931025496442,,1.0337872312135692,,-3.2535844317760216,,0.8747562976730044,,0.6985460922375654,2053948.992397636,994076430.7975768,1.1257143744855111,0.3485477599017368,13895593.715379708,19.989591913485217,19.45866231426754,12.751437994827798,4.038027537619618,2.0,363.0,10112782462330.713,1112442594055.4966,7091326893087.351,9113758584616.393,901752267944.4316,8309307622681.17,16042808705075.104,813049765502.0436,3491469231258.6147,25475929105999.8,-452391617130.6867,2514709062987.7915,44.51467342780968,45.44794726577833,65.64608333347621,88.54619593175667,76.01430717145325,76.01430717145325,13.821593072761884,13.821593072761884,0.0,0.0,0.0
9023,1107,0.001035,13.821473,363,277,212,7113556.831752504,0.9952379923706438,8.831679813121573,0,12.537265230195892,12.959336338267017,1.6156583827291109,0.0022395963359372,-2.491448014231924,-4.373662735658498,0.4740398576186002,0.3805667638948262,1.8291419185665951,7124936.443159583,1.0,10.624127015106223,0,9.496974462079718,,1.6131271075979847,,-2.4929395523324107,,0.4827069765311354,,0.9492234637989716,7147489.243232702,1.0,10.186714795701809,0,7.291846837258754,,1.6131271075979847,,-2.4929395523324107,,0.4827069765311354,,0.8906432800944725,7724487.222731113,3676616847.515106,1.041726623002068,1.4870735722427804,107527931.1375497,27.817489540156554,28.70778851089295,12.37620463715901,7.304841684623549,2.0,363.0,11785198678481.955,16581994775290.492,-4113275162064.269,4073994264270.319,11982306289925.68,-2113827819615.953,12732711941478.238,-5317824904544.297,-568338437267.8363,9843015655144.564,-15789238428298.371,1933139316132.677,47.53303282792659,49.76153796441191,85.92762230359274,36.52724981740191,111.4084285525841,16.43686248147184,13.821593072761884,13.425393535368556,0.0,1.0,0.7428632318245758
9395,1321,0.001035,13.821473,363,277,212,8726853.457535695,0.0,58.3424830064406,2,,13.083240369848514,,0.1119056666542179,,-2.6770231792628607,,0.5234344824714271,17.132525713975838,8729158.082257364,0.0,59.27552754149813,2,,10.042600829753937,,0.1119056666542179,,-2.6770231792628607,,0.5234344824714271,15.011814324508885,8732622.921556517,0.0,54.6323753516489,2,,7.837473204932971,,0.1119056666542179,,-2.6770231792628607,,0.523434482471427,13.371371224435087,9178527.98011154,726927220.8213806,0.3224363752230181,1.2671159627858888,51496081.404463015,23.90296798140437,27.40852461237751,1.210149473122544,,2.0,25.0,279984122181.29706,-103314919223.20192,237733050953.2636,-4.0,-4.0,-4.0,-4.0,-4.0,-4.0,-4.0,-4.0,-4.0,19.909896950229964,-4.0,-4.0,-4.0,16.23490966611205,8.22960009009225,1.542507352597526,1.428864451044674,1.0,1.0,0.327221336368272
9668,16069,0.001035,13.821473,363,277,212,100018512.73284929,0.0,65.37833040933742,2,,12.163436191810348,,0.7394601859168454,,-2.29487131262226,,11.711598402220304,22.515504349383885,100110984.97012204,0.0,64.18172104385432,2,,9.12279665171577,,0.7394601859168453,,-2.29487131262226,,11.711598402220304,20.51558052016756,100255643.9459373,0.0,59.418354610336245,2,,6.917669026894806,,0.7394601859168455,,-2.29487131262226,,11.711598402220304,17.199923903109504,80624474.21252728,13825478553.771973,0.4751419149103224,7.237488455085338,1238362981.3158758,40.95922075334979,54.55421682347055,2.9539173737336344,,2.0,60.0,-3723548409213.4775,-2677040276373.2905,6802628729909.862,-4.0,-4.0,-4.0,-4.0,-4.0,-4.0,-4.0,-4.0,-4.0,82.75986946924863,-4.0,-4.0,-4.0,19.64856337757135,2.846647947340602,3.5189524963013943,3.328326389678657,1.0,1.0,0.7469107619195265
9936,64036,0.001035,13.821473,363,277,212,371330993.2246964,0.0,48.9121930353534,2,,10.854838318745673,,1.4774061927399078,,-1.77626993283911,,0.9152850017171028,17.1494986030872,372342913.3236253,0.0,49.85383228492668,2,,7.814198778651093,,1.4774061927399078,,-1.77626993283911,,0.9152850017171028,17.25181522933931,374127203.3906305,0.0,45.2063916294613,2,,5.609071153830129,,1.477406192739908,,-1.77626993283911,,0.9152850017171028,14.063114063149762,242110621.18411064,29153220653.533936,0.7602782731548722,8.0610062384091,1675075075.1134088,94.7356708773228,77.82007184273606,3.5277559670040164,,2.0,127.0,191580344025672.44,104231437878774.2,40577007826057.11,-4.0,-4.0,-4.0,-4.0,-4.0,-4.0,-4.0,-4.0,-4.0,42.07466920674183,-4.0,-4.0,-4.0,56.9248346407667,22.936160120889173,4.4216456820725485,3.917562915798814,1.0,1.0,0.425597935779742
10113,2933,0.001035,13.821473,363,277,212,18530502.84087921,0.0047943423030281,57.61562945606683,2,11.94912263727931,13.039013293837233,0.6083295320725889,0.706848667935236,-1.5140213016935309,-2.137455815352201,0.4840672511726285,1.1757894502380182,18.724669698417948,18540913.688958205,0.0370991715431229,48.63856556741154,2,9.38915393265576,10.066261228887486,0.804351330074368,0.700886541737079,-1.838658916584326,-2.1427602108896795,1.07548090042556,1.1765951390516534,19.17910651229762,18556914.633876577,0.0933677048172186,33.34714347071132,2,7.25809186042128,7.995532563020694,0.7700184404629311,0.696094832062024,-1.861930835451171,-2.1836094082760127,1.104811789918484,1.177613005981251,20.85482809756406,19140092.190355062,2321185767.650604,0.3090291841045079,1.4082698890542964,98775872.71671076,34.235532434984776,32.6309789024299,2.6979415037515126,4.162902347360731,2.0,363.0,2638728031425.901,-2926347911649.321,8702189466192.651,35411686973.395,20113790035.90804,29522736194.865795,37733789188.41911,-8204329534.294716,98528957766.12802,-61421831735.88216,204214907649.9448,38263600509.88891,80.81900177678318,29.810391609969805,46.993012232860735,15.25490279078074,43.90478287619252,36.76208742052165,3.5277559670040164,2.9539173737336344,1.0,1.0,0.0885455879148172
10334,224774,0.001035,13.821473,363,277,212,1316127855.645404,0.0,51.852688841474176,2,,11.088906768976535,,1.3173601301089135,,-1.9300780523328385,,2.5295512628045147,25.878607545206407,1319568857.8435838,0.0,53.61964998224398,2,,8.048267228881958,,1.3173601301089135,,-1.9300780523328385,,2.5295512628045147,26.311763898790712,1325562498.1880815,0.0,49.29455169711012,2,,5.843139604060994,,1.3173601301089135,,-1.9300780523328385,,2.5295512628045147,21.68013068817969,662323012.9480362,65365209579.46777,1.3026439896821789,8.005835760999103,4531035375.993393,72.64506388044417,93.91630210594629,5.096955385972424,,2.0,147.0,-87548414902839.78,-73130630461382.16,190460643354115.12,-4.0,-4.0,-4.0,-4.0,-4.0,-4.0,-4.0,-4.0,-4.0,52.85614487052682,-4.0,-4.0,-4.0,50.553610997666325,9.23942614933366,6.012114768605458,5.643890917268909,1.0,1.0,0.6909531079139293
10804,1031,0.001035,13.821473,363,277,212,6492722.071588316,0.8686266779460936,3.5306577750710586,1,12.298490380272517,12.295486105026349,0.1195554430403737,0.1120512495602231,-2.934101172764857,-2.955754255562828,0.7220647280660231,0.7028875104240986,15.08116332758431,6497641.734871138,0.9498129194573092,4.271607563349751,1,9.257592936511,9.256635017874856,0.1180217384864226,0.1196447607201361,-2.9364422707936395,-2.9427262732951824,0.7223773157422706,0.6773709870902258,17.815699253935197,6505237.71512757,0.9750163148442712,4.361946171914971,0,7.052490860307947,7.050437831696252,0.1184150955476307,0.1153560966627776,-2.9393153856503247,-2.931166049515011,0.7231216400138574,0.6678743333269342,4.611537831702598,7519321.516156197,120116733.0145836,0.7604976817633442,0.0345814311140894,2.232994763894359,16.29566718549065,15.363710632859275,5.305167552661738,,2.0,363.0,-423742848712.691,182944850089.5587,-210898968383.292,1225541506849.5117,497417177536.44525,-304732115942.9549,1479888370349.4675,231653853839.72745,-298444609739.92395,1570217447888.387,-151946282104.22855,-264354288387.9479,72.60155220333895,67.70176091370702,78.75625655094646,80.22748063876662,276.5023444190948,12.8412132426558,8.008573288936825,5.703936756143532,1.0,1.0,0.9112389897571698
10815,367,0.001035,13.821473,363,277,212,2437209.371336622,0.0,47.29461586450212,2,,12.961855585203311,,0.3185921929610595,,-3.653013870870743,,1.304123204220183,20.42386755747757,2438048.5762319006,0.0,30.763378811059745,2,,9.921216045108734,,0.3185921929610594,,-3.653013870870743,,1.304123204220183,15.127516500002836,2439335.194518444,0.0,16.6998263831623,2,,7.716088420287771,,0.3185921929610595,,-3.653013870870743,,1.304123204220183,15.964502315767556,2343425.730941817,1163404881.954193,0.4592014558031448,1.809237878827237,8424503.595688365,18.639030640289743,25.8275687334324,3.237437804732977,,2.0,207.0,469180091343.0435,-3280601173626.339,6449180737279.589,-4.0,-4.0,-4.0,-4.0,-4.0,-4.0,-4.0,-4.0,-4.0,82.42885072773737,-4.0,-4.0,-4.0,65.34720797035405,24.854723615679475,4.038027537619618,3.4797015272828404,1.0,1.0,0.4489092821261076
11872,40374,0.001035,13.821473,363,277,212,225163066.89886096,0.9952817268399003,11.516797786423629,0,7.256309341636567,12.91002626364091,3.560459825798342,1.41391557667768,-1.5390863543642606,-3.3263967365707154,4.147914087656909,30.517741906566805,20.480929012355787,212773005.5844988,0.9953626023149816,15.973468515994586,0,4.242671132860491,9.8690971092323,3.327253176363428,1.4113352741032674,-1.684997504130394,-3.3263967365707154,4.344928106800421,30.17777107092705,5.858932878702715,150865997.0109594,1.0,15.262452303865684,0,4.674377720723647,7.665000953475827,2.516640008273162,1.622837732045009,-1.834867031617766,-3.3263967365707154,5.171484944339305,37.02373725124029,4.942137218844581,159752890.46764374,19355469942.092896,1.019739014429992,4.533320323107066,713476783.0633734,46.79284129516662,48.6859498546266,8.959771906010795,,2.0,363.0,161839657944541.4,113947384275065.88,-106379218855852.69,65495816881485.3,33503327693892.266,-45541440226809.8,116357521535258.16,89482998175525.08,-75825915063636.72,240247712422458.1,86019901141246.78,-97695225601546.84,79.29803630610796,80.99666583931483,77.76966897796378,79.79668758397224,375.7400381573186,47.55573216784223,13.4952242251329,9.91106697568985,0.0,1.0,0.7753073122780717
11924,2,0.001035,13.821473,363,277,212,13566.291960483051,0.0,9999.0,2,,12.641199216735105,,0.0224747388435071,,-3.892379982170199,,0.3216115402736952,17.058204968596698,13572.3388610624,0.0,9999.0,2,,9.600559676640524,,0.022474738843508,,-3.892379982170199,,0.3216115402736952,17.515581627868514,13581.634363605212,0.0,9999.0,2,,7.39543205181956,,0.0224747388435071,,-3.892379982170199,,0.3216115402736952,5.348853074774013,,,,,,,,,,,,,,,,,,,,,,,,,,,,,,,,,,
12216,607,0.001035,13.821473,363,277,212,3831887.594185187,0.9837449225891624,6.190526396295362,0,12.28394923596894,12.278585036151608,0.0860279995976187,0.0606113535189275,-3.010366803161097,-3.016845963715616,0.5754677622524076,0.3230066386733665,10.641147506814503,3834818.0023408094,0.9984443144771032,5.670639261962847,0,9.243225044817306,9.24205951156879,0.0857541463654731,0.0228638968898131,-3.0121940954487822,-2.853114126991365,0.5724294767343868,0.262735936537239,5.621435360402814,3839351.8506729794,0.9984441775669812,5.4032948435839065,0,7.038079099992704,7.015101389522,0.0856962986173084,0.0250055954092887,-3.011328575485589,-3.04687310038679,0.5720637206454126,0.3017135704578109,1.855015895393348,3861211.589537561,710858106.6131592,0.91628246675697,1.2950212763656042,1.6815087493830347,15.633144152245546,16.964752278632556,5.79814778570334,2.149978238768734,2.0,363.0,11271521942775.473,-4425291692514.61,4197419551169.842,5124265933454.73,749828232047.963,417271506225.2808,6864891358902.837,-977972288071.9332,666962458134.161,5290372369853.806,-3047614506888.2,2099269875274.1648,59.11738386252713,63.65488563326971,78.17676886782999,66.65582916990267,288.196981859984,62.26139280212603,9.163499319758689,6.508057982359964,1.0,1.0,0.6446859467281696
12239,5702,0.001035,13.821473,363,277,212,35358814.25654406,0.9994848506356566,9.65547543123689,0,11.796958377524447,11.594860037102166,2.8463153044729363,0.265397897029972,-2.507221825596991,-2.764154902036883,1.6646741000744771,0.2178268321591921,6.994988272625072,34647074.15901239,0.9996502410261114,8.787034771738668,0,8.75820290646201,8.748511939341439,2.355434503627746,0.2564786226214157,-2.5137102992137805,-2.758322124330938,1.6897290806771528,0.2350696943564499,4.441242070702853,31798622.907436937,1.0,13.448863782623082,0,6.628379982858037,6.543384314520475,0.6100542719043308,0.0,-2.532200359941532,-2.265599126286109,1.7593379280399826,0.0,0.983801339920386,31832468.2302773,4717293977.737427,1.0676773819068244,1.3404399491742385,599277621.7882643,31.41891731842292,33.595598492544234,7.97413105684069,,2.0,363.0,-33033161220512.223,22534080342653.508,31894612958403.934,-30714407615644.72,-9307330633934.6,25068190990920.17,-20019462690686.832,7197277169652.994,21869822118631.92,-24717064226760.51,21966501205532.54,25028115640516.01,78.80194309984333,89.21028541680671,59.67521185591042,46.21220803294795,358.7904258333164,42.00129927673585,12.37620463715901,8.764000234227204,1.0,1.0,0.7904083510446588
12780,4,0.001035,13.821473,363,277,212,25169.287290494634,0.5019587043531935,9999.0,2,11.096747259217942,11.098672051450116,0.001033939041636,0.0006275559598973,-3.2060698543878097,-3.3000190858380387,0.0631974639693873,0.0018194132716431,12.473442640988146,25214.97246532927,0.5019623101700743,9999.0,2,8.05610771912336,8.058032511355536,0.001033939041636,0.0006275559598964,-3.2060698543878097,-3.3000190858380387,0.0631974639693873,0.0018194132716431,38.60385855544049,25289.253365789733,0.7626910764077701,9999.0,2,5.852014033344033,5.852277330574676,0.0014698126198813,0.0,-3.2692673183571967,-3.3018384991096816,0.0674448939737806,0.0,10.23722311087405,,,,,,,,,,,,,,,,,,,,,,,,,,,,,,,,,,
15441,175,0.001035,13.821473,363,277,212,1104825.812494445,0.1887979374720471,17.7368285561996,1,12.292191772540916,12.289448319976842,0.0328589175149414,0.0385505079100533,-3.373300242283621,-2.87671608010558,0.7926696142664289,0.6757602521267139,83.574406471735,1105645.8828652245,0.3135987201120911,6.300184269697948,1,9.250649729598525,9.248844796953012,0.039252880972689,0.0370078280345127,-3.1025994768552434,-2.8910496554486453,0.793917564559199,0.6529967119451711,74.07243480416626,1106913.030508032,0.4038545722893358,8.175392137891642,1,7.04484034841335,7.043623805572516,0.0351941302755086,0.0391238927604133,-3.0415309629696856,-2.881671793983548,0.754006499019608,0.6640810201383114,30.05611222751336,1169406.3141476363,314151458.44221115,0.1957994054212439,0.6888735706858581,3315823.0901646204,17.453750272741136,18.33553478220957,2.185784909433564,1.7778842401719526,3.0,363.0,-532138222017.5311,572237212951.6876,-486779147809.91296,-93095767527.51868,72517468510.19318,-29513876830.21726,-193785125988.54205,136343191937.26675,-70548765347.7533,-291496413928.9488,83679873123.76308,27758427082.382706,52.00549573338823,87.76853396041666,89.31691125460992,71.20186010472592,58.7946913214545,23.357583854669446,3.328326389678657,2.542514274055711,1.0,1.0,0.4313588076631163
15480,2469,0.001035,13.821473,363,277,212,16439872.320773264,0.8205285492154053,5.391676661360969,1,12.778926554570134,12.778533802648452,0.4167379367605805,0.3436372964333473,-3.436834634292576,-3.10217015987112,1.6580090158515144,1.6031604787947031,42.01887541558838,16448657.008934185,0.9112762527332876,5.528253062364046,1,9.738271698257376,9.737855183887316,0.4134677261460323,0.3138582309590397,-3.4289163768321185,-2.9082392667264614,1.65494833731755,1.5782950185576112,26.825778633900462,16462189.581312064,0.9395551295657126,5.50674081306107,1,7.533172749188218,7.532308294656594,0.4115967026073428,0.2763198709841749,-3.4132644287743776,-2.781695314376366,1.653528789282718,1.540235316091963,20.7252552671568,16058250.330388546,1955412179.231644,0.202889678510746,2.463210587291471,50735258.11739369,29.17589601869539,31.648355664974503,2.023579768206338,3.182392437162352,3.0,363.0,1976836891797.568,4047019289467.713,68401461283.34913,-317840340957.3097,848388749797.1678,1208044434970.798,147303751231.48248,2705982896321.826,428863061040.2027,2174197845089.5457,2862452732012.6934,6055518470.330286,77.33323357607695,31.758343903484526,37.985381798960105,41.72573110685723,77.11766103384342,24.523716830989603,3.635155880441881,2.4095903408074024,1.0,1.0,0.5174461947258866
15495,4298,0.001035,13.821473,363,277,212,27974368.756754056,0.9054960975602662,5.574142783931681,1,12.536364985064624,12.53237850231931,0.0083808771469005,0.0125080911977187,-3.355605999747098,-3.1116559906143344,1.0398495300903463,0.9841260410510736,23.418256719867188,27989768.93875964,0.938761021360794,5.438126265112086,1,9.495662297084838,9.49140762582423,0.008451303819535,0.0135164562349833,-3.3520616937736185,-3.082834669219492,1.0399489051496151,0.9475366006552778,19.9722479438871,28013324.367027573,0.9676361981849898,5.916111327222023,1,7.290482483578658,7.285375465729992,0.0085562776947937,0.0147187332475466,-3.342653213463316,-3.0206870248862026,1.0390481390784516,0.9132580406255092,11.857620656089171,28062842.320650816,1218240857.1243286,0.7690393409224634,0.975145723491844,30915.150203272096,25.334334571073065,24.922575002591472,4.4216456820725485,1.4744415755506937,3.0,363.0,-3376173069110.791,-3426676853823.792,8195053012352.92,1246938639363.3796,-2643807225546.0186,3339224260389.4546,911701034919.352,-2960828344592.411,4192060637125.529,123557020515.1608,-3709461029811.9424,5327510651707.958,57.367171009919865,81.51348415602085,77.33762431668973,70.62479557102812,114.18181373767082,34.195730878510524,5.852563305591354,4.943502467217798,1.0,1.0,0.5390713471237574
15674,526,0.001035,13.821473,363,277,212,3289929.5398329906,0.9826254625375516,3.609753935830376,0,12.265465464265738,12.189203302257289,0.1101274551308243,0.0761389874178686,-2.710558678134843,-2.70750556312232,0.6711859705446187,0.3255162646317932,35.903073914786106,3292604.9237425257,0.984588333267186,4.005697515216989,0,9.22471287725662,9.148639687560872,0.1101957007239528,0.0762001777499011,-2.710502603113556,-2.7163526097847708,0.6722607539064918,0.3073231188538713,9.997751740849838,3296748.2137611285,0.9865333206146846,4.236668977427966,0,7.019698299350194,6.943244576372544,0.1099931415450379,0.0791990116875303,-2.709212395427568,-2.729353758838496,0.6717938664011981,0.3129344109621998,4.118929385430967,3490589.4426628947,371196903.2883644,0.8151715187424178,0.2049872510321579,112.89882231989394,15.64935415302057,17.126246076578223,5.469620171315334,,3.0,363.0,1837569259881.6853,3629882680729.966,1496038438126.687,-277259786178.8725,1126183482144.6091,520224482235.71466,997550241955.4216,752432543099.8444,131346718054.15944,1225720999670.8533,390173797313.8608,37196111347.58733,36.34106370294184,34.43976551575884,48.29826150372343,74.53730458978802,475.9676926293979,19.36482051178428,9.979338921620537,6.012114768605458,1.0,1.0,0.9218108240503696
16159,4815,0.001035,13.821473,363,277,212,32439310.48685053,0.0,63.37433685150907,2,,13.266042169370882,,0.1542953409887809,,-2.442374891271743,,4.17050554181276,1.8423100704433453,32444687.30363716,0.0,66.35437888627176,2,,10.225402629276305,,0.1542953409887809,,-2.442374891271743,,4.17050554181276,1.4878149061435737,32452741.79369537,0.0,59.68322484906293,2,,8.020275004455339,,0.1542953409887809,,-2.442374891271743,,4.17050554181276,1.2533506219938084,,,,,,,,,,,,,,,,,,,,,,,,,,,,,,,,,,
16345,63,0.001035,13.821473,363,277,212,418955.04119819263,0.0,82.67935894135634,2,,12.851204447274794,,0.0404110466703308,,-3.207996134052457,,0.194684712755485,17.088783039448277,419096.9915701636,0.0,77.03176028635994,2,,9.810564907180217,,0.0404110466703307,,-3.207996134052457,,0.194684712755485,20.1955860184292,419313.4054549132,0.0,66.12977179879519,2,,7.605437282359252,,0.0404110466703308,,-3.207996134052457,,0.194684712755485,15.738079313062029,454625.36945706233,96615646.03447914,0.174066723810825,1.0976739852775717,6586576.947743444,5.866134531980684,13.595907948056418,1.1052842140858103,,3.0,25.0,28650878241.71592,-23131110706.695915,-106511765492.7285,-4.0,-4.0,-4.0,-4.0,-4.0,-4.0,-4.0,-4.0,-4.0,48.69352581402048,-4.0,-4.0,-4.0,15.179446494083033,6.755218694075443,1.542507352597526,1.3180451022472794,1.0,1.0,0.3840600131227645
16398,136,0.001035,13.821473,363,277,212,872022.1019377045,0.0,79.30710960457611,2,,12.743141044411818,,0.1377796169644779,,-2.541984462600941,,0.6416940753533258,22.27137774610422,872446.7220990984,0.0,71.05114712279371,2,,9.70250150431724,,0.1377796169644779,,-2.541984462600941,,0.6416940753533258,18.83453759518894,873089.5435237524,0.0,73.35408127551997,2,,7.497373879496276,,0.1377796169644779,,-2.541984462600941,,0.6416940753533258,13.63492175074868,,,,,,,,,,,,,,,,,,,,,,,,,,,,,,,,,,
16414,225,0.001035,13.821473,363,277,212,1512681.2012499303,0.0,70.88915409281975,2,,13.267715159395236,,0.2559854256154325,,-3.0666661794981454,,5.3134531067626485,22.997407019199624,1513036.2795193722,0.0,71.25818265443542,2,,10.227075619300656,,0.2559854256154324,,-3.0666661794981454,,5.3134531067626485,17.27041512875295,1513571.526955267,0.0,65.0502602070438,2,,8.021947994479692,,0.2559854256154325,,-3.0666661794981454,,5.3134531067626485,15.596609041079196,,,,,,,,,,,,,,,,,,,,,,,,,,,,,,,,,,
16439,1621,0.001035,13.821473,363,277,212,10793144.363691457,0.0,59.88880685224375,2,,13.13982868284345,,0.2274147562916642,,-3.224545902056801,,4.077052894107645,13.257987948400052,10795782.646497846,0.0,58.61284732622417,2,,10.099189142748871,,0.2274147562916642,,-3.224545902056801,,4.077052894107646,12.638678791576972,10799772.873231651,0.0,55.50240585392675,2,,7.8940615179279074,,0.2274147562916643,,-3.224545902056801,,4.077052894107645,10.331496494160035,2560000.5756132305,1145126223.564148,0.2682532140116708,1.0280469162170762,99206915.23339029,23.710268503568468,33.247425524768175,1.210149473122544,,3.0,62.0,-185417712454.4211,989935431971.4294,-1131619817450.9463,-4.0,-4.0,-4.0,-4.0,-4.0,-4.0,-4.0,-4.0,-4.0,44.68672493052507,-4.0,-4.0,-4.0,19.23620726095745,4.230135323042871,1.3180451022472794,1.4744415755506937,1.0,1.0,0.6394721241368873
16464,11867,0.001035,13.821473,363,277,212,70378387.81155609,8.229211628756312e-05,63.209392572224125,2,,12.225490831774104,,0.4806269111525439,,-1.8443191840061253,,2.297016136054701,16.00385861501051,70445525.98899813,0.0004707063852061,61.24525798458641,2,8.58928440463905,9.184865692613704,0.4091263141471876,0.4805408617074332,-1.1553486272952564,-1.8454648733129424,0.275220606686002,2.2974392518465527,15.020805843301243,70549120.37528282,0.0035334484815351,58.508645344010944,2,6.393972380204708,6.97982795131194,0.4037146697719098,0.4805911918693092,-1.2047425078870475,-1.8469821937511144,0.4294102421296527,2.300876567840068,13.181506321859413,36751455.6273818,3786891102.790833,0.4671213455037278,4.004256913501014,343510617.86465204,36.03727501116241,46.96221187007419,1.7130609731993638,,3.0,363.0,6163019281286.233,366859658425.4465,8513831417611.704,-1795556623.4770498,3988958599.067902,4018065356.719265,8583058471.376692,6482065910.738185,11294689138.965591,21396376460.376595,-6446375894.438239,18189260963.7508,75.73292999162561,34.81411714303728,23.57068815233121,85.83126961796242,29.15899970978601,13.809994415013474,2.4095903408074024,2.023579768206338,1.0,1.0,0.3572111846554463
16501,168,0.001035,13.821473,363,277,212,1079434.3072676023,0.0,70.75277503569501,2,,13.027882136847238,,0.2439188507226088,,-2.439708327256655,,0.948116120441898,16.56514022415139,1079841.7569379942,0.0,65.71717559683506,2,,9.987242596752658,,0.2439188507226089,,-2.439708327256655,,0.948116120441898,15.06724826014725,1080457.1430050817,0.0,63.74282064785314,2,,7.782114971931694,,0.2439188507226089,,-2.439708327256655,,0.948116120441898,12.200722848840076,4527012.351900339,279201120.13816833,0.1567325387024907,0.228512049111747,12568954.973125886,21.007982590114487,21.185873662565164,1.3180451022472794,,3.0,169.0,122043652070.56242,-44218504511.71684,365638791730.2747,-4.0,-4.0,-4.0,-4.0,-4.0,-4.0,-4.0,-4.0,-4.0,71.03645923879745,-4.0,-4.0,-4.0,29.11307047768675,12.991104991888651,1.899438433357752,1.542507352597526,1.0,1.0,0.3829065717590855
16511,34,0.001035,13.821473,363,277,212,231235.7364206092,0.0,90.70907271292486,2,,13.12649742153739,,0.0033637127629692,,-3.3554914811044227,,0.5840365096664762,22.154474208907693,231284.12914248515,0.0,96.85269056198734,2,,10.08585788144281,,0.003363712762969,,-3.3554914811044227,,0.5840365096664762,17.545758396365155,231357.24336110184,0.0,92.83381624879776,2,,7.880730256621847,,0.0033637127629691,,-3.3554914811044227,,0.5840365096664764,19.803417363411192,,,,,,,,,,,,,,,,,,,,,,,,,,,,,,,,,,
16601,2339,0.001035,13.821473,363,277,212,15066923.957943575,0.0,61.50848576149823,2,,12.688156595793217,,0.3642020110098288,,-2.615421967558997,,7.118657487535105,28.018111286830905,15074122.934959523,0.0,59.69279210303058,2,,9.647517055698636,,0.3642020110098288,,-2.615421967558997,,7.118657487535105,25.833288419547472,15085109.823633073,0.0,54.38784588914489,2,,7.442389430877671,,0.3642020110098288,,-2.615421967558997,,7.118657487535105,24.394413646314028,15105396.742001176,1926889568.567276,0.5494631099100323,1.7473773050749322,116766609.95980044,28.42383500666032,33.818205611987224,1.7778842401719526,,3.0,70.0,-561626957981.485,-310486433997.9109,1680555700590.4597,-4.0,-4.0,-4.0,-4.0,-4.0,-4.0,-4.0,-4.0,-4.0,60.12611672775176,-4.0,-4.0,-4.0,38.99078916966821,9.746395395644187,2.542514274055711,2.023579768206338,1.0,1.0,0.6000427401552872
16642,4146,0.001035,13.821473,363,277,212,26533958.838523947,0.0,62.67841427518289,2,,12.79367696100417,,0.3668780357649357,,-2.404377204595149,,3.782621059756616,19.88361961739404,26545376.956867903,0.0,61.20427076596803,2,,9.753037420909592,,0.3668780357649357,,-2.404377204595149,,3.782621059756616,18.09687328638128,26562695.277755342,0.0,59.34795062185441,2,,7.547909796088628,,0.3668780357649357,,-2.404377204595149,,3.782621059756616,14.650213801556514,18504986.073821783,2753043770.7901,0.6641564980180688,3.170450678773791,211874534.80095223,25.944617604867187,41.25967391937241,1.428864451044674,,3.0,129.0,956966808433.2416,-1630392902816.56,4522545494400.929,-4.0,-4.0,-4.0,-4.0,-4.0,-4.0,-4.0,-4.0,-4.0,81.82757107274335,-4.0,-4.0,-4.0,24.23579400715501,11.33644763231172,1.899438433357752,1.542507352597526,1.0,1.0,0.3626239387886005
16788,144,0.001035,13.821473,363,277,212,958738.5407968292,0.0,78.36529024549102,2,,13.044734514681146,,0.054900653196594,,-3.058048539393152,,0.5918294749039674,15.883412899625466,958993.182356209,0.0,75.70948204856234,2,,10.004094974586565,,0.054900653196594,,-3.058048539393152,,0.5918294749039674,14.197863118211306,959381.5263830991,0.0,68.54252751164088,2,,7.798967349765602,,0.0549006531965941,,-3.058048539393152,,0.5918294749039674,14.400865971273523,1086656.193365343,203877091.40777588,0.332780946205625,0.8769081955536262,0.0,14.059661328342898,18.867514573724748,1.658878016016969,,3.0,54.0,205193463366.6997,-76713725909.30672,164542028810.44122,-4.0,-4.0,-4.0,-4.0,-4.0,-4.0,-4.0,-4.0,-4.0,71.42080848446818,-4.0,-4.0,-4.0,32.95876026719681,9.019273794581965,2.185784909433564,1.7778842401719526,1.0,1.0,0.57028603191334
16910,12,0.001035,13.821473,363,277,212,74662.29926047527,0.0886569535251396,37.40200996745615,2,11.39574904736152,11.394997006823736,0.0,0.0155938721016062,-3.025660699436456,-3.0261694059319555,0.0,0.2423632407548895,36.16182801526568,74775.3688091726,0.1691239450504345,24.69250173085233,2,8.35510950726694,8.354357466729157,0.0,0.0155938721016065,-3.025660699436456,-3.0261694059319555,0.0,0.2423632407548894,33.79271382781274,74960.76175908948,0.325446130665103,10.483475410729795,1,6.147473517130194,6.149487952133558,0.0025083653157818,0.0159880453532978,-2.9884244602983814,-3.03043776310895,0.0372362391380747,0.2486191206755353,40.599113370981165,76882.19739065971,180576834.8276615,0.3005277054632124,0.4387563444589515,3.498474422331804,14.098292600910773,12.46245247657275,4.204589081423968,,3.0,363.0,134528421696.58072,-51388047883.70626,-113658871068.23158,79325412148.06767,-57271075169.87837,-77820446146.68404,102149863645.17406,-14595594247.37769,-113023311458.71388,127562403058.29596,22484226687.46199,-111160875481.14502,87.18147962519258,57.46110353372556,65.01091330316002,85.81213042264748,82.04525898194136,6.809834824949326,5.469620171315334,4.745813159503041,1.0,1.0,0.8467204403666675
16923,416,0.001035,13.821473,363,277,212,2698911.5349897817,0.1247960192874524,10.589872498597629,1,12.638618505416163,12.676979861339603,0.0577885748475942,0.0503712972706754,-3.3684243273487704,-3.2647167036974727,0.670767173035072,0.4975560367947981,54.433483784340126,2700173.4566814327,0.1802624491939223,13.22880035528912,1,9.59812245404242,9.636571839217524,0.0583205903301055,0.0497295009453171,-3.377646870512547,-3.2588220944305424,0.6402616680099624,0.49229671537796,40.76020913418524,2702112.6484468025,0.3418297150327968,6.27179217901352,1,7.414606718854089,7.429573106218495,0.0569133248184671,0.0491676470640235,-3.3684243273487704,-3.24853274177614,0.6040501570819412,0.4795223077017466,31.33879805923803,2717263.9966011047,505775809.2880249,0.75000361958681,0.736040836193408,1645163.6401729863,16.081615735031544,16.5376283435117,4.333767588208253,1.4744415755506937,3.0,363.0,-1070267692220.5344,91777355422.91003,-485662014517.4366,75993206269.433,9386404946.82532,-238364703726.8932,44586716359.53406,105898415153.8733,-295597631115.5425,30808686669.16921,144036808192.3203,-295911518670.2764,75.2776511583295,60.122335669261325,66.91526234900311,79.78429236662983,88.11738023958276,7.624392389010989,5.74493554706885,4.8941743719540325,1.0,1.0,0.840730076753688
17323,2,0.001035,13.821473,363,277,212,12795.550330999627,0.0,9999.0,2,,12.25719958711395,,0.001169943552961,,-3.774797971577263,,0.003504961475597,3.49502381844019,12806.156387243564,0.0,9999.0,2,,9.216560047019373,,0.001169943552961,,-3.774797971577263,,0.003504961475597,0.6121708085405224,12820.484707350186,0.0,9999.0,2,,7.011432422198407,,0.0011699435529606,,-3.774797971577263,,0.003504961475597,1.2214547251685786,,,,,,,,,,,,,,,,,,,,,,,,,,,,,,,,,,
17393,25,0.001035,13.821473,363,277,212,161839.45627855964,0.0,92.73530860737516,2,,12.74511580696988,,0.0693204608207872,,-3.121729842071729,,0.450466170871828,13.78104131168756,161910.1483566793,0.0,63.683680080866246,2,,9.7044762668753,,0.0693204608207871,,-3.121729842071729,,0.450466170871828,11.386922955160102,162019.69188952158,0.0,55.05736850499255,2,,7.499348642054336,,0.0693204608207874,,-3.121729842071729,,0.450466170871828,12.877309645508891,,,,,,,,,,,,,,,,,,,,,,,,,,,,,,,,,,
17413,7852,0.001035,13.821473,363,277,212,49448805.06221593,0.0452291663070737,48.13322225278985,2,11.790989895765977,12.292932901504962,1.2138465601764852,1.0036895965159902,-1.6691847696446651,-2.422931412247728,31.702868721885547,32.90754446554505,19.61678017751284,49499134.85524592,0.1728453808301588,30.6792778492388,2,8.845389987304953,9.257621234878531,1.1453941842766573,0.968853339756601,-1.7861678877180192,-2.468333301070683,30.09394372172523,33.39021766104643,21.57282455478407,49580276.48446101,0.3995911164510055,18.251935665885235,1,6.763261890489575,7.257460787792789,1.14092510214542,0.8548891766815827,-1.859088573545144,-2.61781674962619,31.56018197917253,33.681159478702725,20.590598789377097,48771477.30439901,6897674202.919006,0.2410773345201668,2.1642845340198806,207043258.05405405,43.527002197694536,49.610319262614034,3.381782758847712,5.852475568203554,3.0,363.0,11680960899723.42,1537162629429.238,-24966324103153.5,90834523888.38544,140827696367.36606,11465959349.633974,122233064341.45718,18089485844.468216,122878234845.7087,341147335623.62115,-323886968850.78265,249163601855.61945,86.98873126121835,37.38529805076885,43.25356792220812,61.10255340105262,47.4661575729861,20.0897134272531,4.247348313586131,3.7948336723990814,1.0,1.0,0.4052415243915079
17493,12359,0.001035,13.821473,363,277,212,68604480.51730993,0.9171278438629688,6.426830478692225,1,8.527154952330989,10.338961178565532,1.3029693230273576,0.5410961741225144,-1.2973939608208858,-2.7463902145440104,0.7578966449302806,0.3547685458219645,40.1247590519543,69092775.5754902,0.9452117316484628,10.527397844257884,1,5.7365068502765855,7.276549305433708,1.3130788793938002,0.4874206127220588,-1.3087386870424218,-2.7418273000688145,0.770352476831086,0.2677701042770605,42.26966666616028,70077360.29070514,0.9732930269242256,9.0853618747109,0,3.7209021871638046,5.068220324986926,1.316734442366906,0.5007382960485119,-1.3155645046694435,-2.7210708172767,0.7739124869248599,0.2405628005769041,13.922241177064484,51817302.59209871,7499663829.803467,0.4212093302900894,4.273836494444673,530177022.9426713,44.18509909385264,39.073363325037135,5.866055797713259,,3.0,363.0,12367093741901.12,17650753938902.652,4714718131788.579,-2181321830050.05,4405571002461.976,-2261858688438.558,-6993219726977.406,4901699024612.937,403047935558.82007,-2287780945555.2207,3013674161331.295,227392684589.31107,27.22161445098033,79.26803140933917,76.88101550843061,36.61264475537133,253.9232293359396,8.61747357334538,8.619698133550996,6.355973654060223,1.0,1.0,0.9343532375905692
18070,148,0.001035,13.821473,363,277,212,905953.8412177608,0.6157892484790493,5.503293943371364,1,11.794867060419428,11.741041461871072,0.0925178167755211,0.1080820707038006,-2.64562991861256,-2.578264604002983,0.5434908748052161,0.5103172181986246,40.49289574342862,907071.9680604744,0.8505380131352543,4.08270503091731,1,8.753220711499036,8.699981458396055,0.1032866770410434,0.0815798599748775,-2.6259484435742486,-2.6006516883085697,0.5334946641719371,0.5300960638717772,7.041301962696058,908825.333578154,0.9659075415554346,5.541794874351348,1,6.502707013843224,6.495274296955529,0.0977386769743768,0.1122554461885167,-2.616835014091793,-2.627415018988964,0.5293281018085124,0.5708066388273311,1.5903379544733411,1100574.736483395,56041083.29862356,0.5708514659410363,,0.0,15.094981607876246,14.647571756984444,5.2536681348354985,2.6979310551075297,3.0,363.0,247345633765.0481,-65847609999.48334,89713322496.88985,105945594743.6368,157892067679.21933,272454143542.7513,269894151106.3885,238759060083.46,278337666759.3337,247311873946.48105,295204721582.9879,230040378094.3545,63.06872530671687,16.696566964955768,22.890506340604087,41.27497121027668,193.10246334555333,17.662825055767247,7.494925677446675,5.703936756143532,1.0,1.0,0.8323934155406534
18190,168095,0.001035,13.821473,363,277,212,958806315.1596816,0.0,53.40663939166441,2,,11.16858165005374,,1.978248692412764,,-1.615694612908282,,1.630346942834901,15.791522357378296,964330755.6869888,0.0,32.78462082724942,2,,8.12794210995916,,1.978248692412765,,-1.615694612908282,,1.6303469428349011,14.902381967825606,938306914.130039,0.9988747392534856,24.90177739678217,0,6.003726109939677,6.212798220197922,1.5807280408034172,0.6619702553050388,-1.6395423851950306,-2.7828900444234903,1.6541845080103,0.3990282923906968,4.033418855535327,955370664.5965576,85284700393.67676,0.6469794186679516,,3434019653.4150167,85.90330431279064,95.40277398407022,7.929199928161129,,3.0,276.0,-798533353512744.6,454475582827842.9,113236247320974.56,-4.0,-4.0,-4.0,-4.0,-4.0,-4.0,-291527027711852.1,147192566682176.34,50891238468955.04,51.88569700144272,-4.0,-4.0,59.95647044550257,101.80779813374176,12.265992083874169,9.475130119533656,8.666060148202478,1.0,1.0,0.7849463569067948
18712,2683,0.001035,13.821473,363,277,212,13817062.1976724,0.0,51.06964669392794,2,,5.47299022279107,,0.4322973286599361,,-1.1501916426859318,,0.0772409826237335,2.25462235684269,14225161.832526203,0.0645820050459795,50.90048564279513,2,2.434989880605785,2.4322014465728987,0.2608905617268783,0.4281044917283981,-1.1436856842211405,-1.1508611440869867,0.0715671780173681,0.0753623487676113,0.1567786859975909,16376247.70599259,0.668865781471808,34.72820290158671,2,0.2273156717404685,0.2269903616902695,0.4312846258323543,0.3943108392596461,-1.1498302482264389,-1.1517431662036892,0.0766561144529853,0.0719590500931175,0.0353302704111149,,,,,,,,,,,,,,,,,,,,,,,,,,,,,,,,,,
19000,107,0.001035,13.821473,363,277,212,637322.3157624551,0.8209729669794327,3.5450947848857206,1,11.007994258212332,11.00604112664859,0.027785074771784,0.0282102905877727,-2.515088329466448,-2.536273029199102,0.5771488571155644,0.6211056517129087,18.95511398526401,638664.3719992726,0.8682241642129831,3.742157163475526,1,7.9673918527376095,7.964465711331918,0.0275025878018607,0.029057195373438,-2.4962128481604147,-2.581405812525382,0.5813559141995223,0.6017684595239796,4.468874626601672,640834.4076963046,0.9910097548149022,4.998108600022535,0,5.761887682070515,5.7593380865109545,0.0272656161642423,0.0319407291106757,-2.5038212700932654,-2.6808679871045915,0.5733496621278598,0.6479323057674946,1.843876770617979,1114626.7934236676,38565909.48998928,0.503345576272238,,6.341490945730673,13.81920641610491,14.863004975748284,5.305116302753664,3.086878120846141,3.0,363.0,-162046599815.90433,198730567911.03983,-144078430196.49716,-108738953998.57825,68442286337.19495,187661146877.7835,-214157524407.6112,160002306942.37448,206171196180.7823,-234454607004.1282,298301658097.119,97488841930.4829,82.55168853719837,52.86681240703832,53.36000984854591,34.85360681419415,173.667795027606,35.105653131448776,7.446070606768324,5.90346484482726,1.0,1.0,0.663696188945412
19158,1,0.001035,13.821473,363,277,212,5538.0360823325045,0.0,9999.0,2,,10.70280611412267,,0.0,,-2.0306178202966607,,0.0,0.0,5552.8383508997,0.0,9999.0,2,,7.66216657402809,,0.0,,-2.0306178202966607,,0.0,0.0,5576.862333474918,0.0,9999.0,2,,5.457038949207126,,0.0,,-2.0306178202966607,,0.0,0.0,,,,,,,,,,,,,,,,,,,,,,,,,,,,,,,,,,
19362,2791,0.001035,13.821473,363,277,212,18930903.910512112,0.5432568603174418,9.917782465580489,1,13.261392522818854,13.264178436303736,0.2676521542323014,0.2273339723190265,-3.0625671999018733,-3.33072283406494,2.8418103411496456,2.7803645148640177,38.16600168708759,18935184.06225439,0.6930238874553384,8.079157281784159,1,10.22095928994688,10.224361711902404,0.265991188551355,0.2070273140419782,-3.0718440330359407,-3.425735978280086,2.86819567489283,2.6864764707331634,37.07968019358787,18941665.747726984,0.9298143362751926,8.61841585242811,1,8.016838825199255,8.018872995124045,0.2572664352957612,0.1446006914957517,-3.1656777056125835,-3.4226825641319576,2.8588929139778125,2.1409373088374672,14.399758611413812,19245323.492214084,3434977233.4098816,0.5848397079573175,1.2310337617378455,11968133.196259197,31.672401159589253,33.56892801942089,4.377119084320175,1.4744415755506937,3.0,363.0,6461750451232.1455,6522711655972.261,37388984142.75208,-1262625522828.6611,-70925009976.74994,396615898502.7424,-1266378136529.9678,-499760503616.34827,768757009540.6284,-1398579891243.1436,-748492039297.0985,1788091766745.572,20.67072550872093,82.81408423184551,86.33129153094357,85.32707373955299,91.1150531438208,7.1893223451437125,5.636127897002706,4.797844425193815,1.0,1.0,0.8537334211344281
19513,26,0.001035,13.821473,363,277,212,172493.13388732445,1.0,3.742268409252568,0,12.913301243781367,12.914808426100985,0.002184717411312,0.0032409166675553,-3.674776853561482,-4.439948748861229,36.76490491540423,84.91607870143858,1.491254999133863,172547.33107964,1.0,6.105376314212917,0,9.87266170368679,9.877627803301552,0.0021898113743506,0.0,-3.674776853561482,-183.81966990682983,35.326195252246166,0.0,0.6515745245441243,172629.7184300871,1.0,5.932500396819118,0,7.667674523933078,,0.0023864058419726,,-3.681023805216853,,48.03443241285476,,0.4603268247257917,445243.9316082746,24907146.58051729,0.6115298336959358,,0.0,8.863928207190177,8.497032351236136,8.95977865963795,,3.0,363.0,233315553715.03967,237920742315.57733,-246390161913.427,109247039479.35654,20413454769.9574,-107922226947.00764,69135064568.55263,142820303319.40448,-49578923300.23382,210392857664.43173,332813553225.3036,-277725697645.8538,84.66660651034894,81.44507141519416,61.93723833524287,60.257077160141776,324.8053433439807,40.07317526824263,13.397354517074612,9.856036969680504,0.0,1.0,0.7803478515498435
20145,2,0.001035,13.821473,363,277,212,11627.58805976929,0.0,9999.0,2,,10.696524380720405,,0.0002497437345372,,-1.9343845121569991,,0.0077717509074189,85.3212797873926,11657.409970574576,0.0,9999.0,2,,7.655884840625823,,0.0002497437345372,,-1.9343845121569991,,0.0077717509074189,4.875597332297474,11705.792153644425,0.0,9999.0,2,,5.45075721580486,,0.0002497437345372,,-1.9343845121569991,,0.0077717509074189,39.83052526316956,,,,,,,,,,,,,,,,,,,,,,,,,,,,,,,,,,
20173,83,0.001035,13.821473,363,277,212,501960.0102331409,0.0,18.37780626975525,2,,11.887307055704612,,0.5931273706793554,,-2.3517452239552203,,0.563145532282033,84.07253546038658,502656.7080397997,0.0,8.296399476361007,2,,8.846667515610033,,0.5931273706793554,,-2.3517452239552203,,0.563145532282033,93.242831227331,503764.4578480705,0.0,9.222197309671872,2,,6.641539890789069,,0.5931273706793554,,-2.3517452239552203,,0.563145532282033,49.25098732684176,97626.46186572964,196043383.3301068,0.1095032915170193,7.672639012265896,336080332.9824521,48.7833648167732,83.3831124466247,7.304841684623549,,3.0,185.0,-59619048085891.086,74974363479782.17,-24614429903178.875,-4.0,-4.0,-4.0,-4.0,-4.0,-4.0,-4.0,-4.0,-4.0,44.40380016305021,-4.0,-4.0,-4.0,79.76831777267822,79.76831777267822,7.694861943759565,7.694861943759565,0.0,0.0,0.0
23395,2701,0.001035,13.821473,363,277,212,17489791.35845746,0.9963388501180116,10.81343589520224,0,13.0315206896491,12.210834906015569,0.9998002323809928,0.9591123194504132,-2.721732633107294,-2.727012100626504,3.384705596423516,0.6480123567007717,6.065372282887984,17502545.52634474,0.9956504852035528,11.359400276378672,0,9.99090724008194,9.144654217547576,0.9988911334092508,1.0869370440216863,-2.7219612682509773,-2.694053510266121,3.385329702930348,0.6271884710478679,18.661812101512048,17525698.80670104,0.9956487796562908,14.434783227053048,0,7.785727434206137,7.405895412937673,0.9991824954843946,1.0611092373170232,-2.72150399796361,-2.964490800253694,3.386477863900156,0.6843535341144373,31.453323892242835,,,,,,,,,,,,,,,,,,,,,,,,,,,,,,,,,,
23737,3817,0.001035,13.821473,363,277,212,22698015.73979626,0.7888671045638249,6.464927909691437,1,11.463957624813162,12.087202293684966,0.9163975802544436,0.733996503842302,-1.597180617480474,-2.294467184008277,16.82003365784559,16.521199735398028,41.141999615165226,22729436.45316557,0.8829448699648748,6.724474202043251,1,8.557627390140183,9.018347465511235,0.923141657638318,0.645541434912914,-1.6337748569250363,-2.3679671512207614,16.850820677433504,16.113680840000953,30.8236965126627,22779453.0004294,0.907206892459709,6.243986616566464,1,6.37318495807617,6.588721117736838,0.9272517408878646,0.5332463519613267,-1.6518320990298538,-2.325140826158284,17.437477961002546,7.192451931114396,25.11907570502765,17510566.394776106,2639555335.044861,0.1596817332002109,2.671362401198788,97853829.2056003,34.75774006273228,34.902277182904065,3.596020264242824,5.903401984144529,4.0,363.0,6648049941712.396,6965545333597.332,-19540118895558.05,2895256843050.7617,-159952817814.2157,-2415748431445.1006,4402778970797.789,170731708885.19742,-2742287654478.752,5977639340879.453,263021107465.73337,-3844969673174.577,77.46527453098699,77.47196328375908,81.58700665498367,82.07004776838897,86.81603048646558,25.871232126308257,4.845412461038992,4.038027537619618,1.0,1.0,0.5408312966974924
23944,837,0.001035,13.821473,363,277,212,4832856.878801746,0.8542608312933124,3.989045293856989,1,10.816662386172409,10.8114907055969,0.285891927359294,0.2383024017717958,-1.8838802071000147,-1.8876585668483024,0.6896937592325024,0.7484810493933977,28.01321630227094,4845447.372443195,0.9768807641075118,4.303793306470219,0,7.776002185337462,7.713069856025912,0.2806944643234753,0.2165313861605184,-1.8820718494888908,-1.9298966311986887,0.6939673399300649,0.8271467527483098,11.504286140038005,4866058.225713687,0.9890342149433432,5.528736540051526,0,5.570217118173692,5.610705151998539,0.2790563102774205,0.2575104829308547,-1.8791608892103733,-2.035726896848081,0.6967079619497474,0.8002449038067048,3.327109251049891,4944218.089804053,839411094.7847366,0.4364590014911748,0.500423447710646,14366996.961914742,24.558891930205995,21.79730297504269,5.703936756143532,6.012056349291401,4.0,363.0,11306802759727.371,-581913515432.556,884307089899.4335,68665850433.06831,597286248400.2786,627127663567.185,1023127455671.946,1903124228818.8564,598871519926.2523,2746628450243.6206,2286665263202.25,10075085308.564934,39.721576754219264,13.165023506067763,29.794548831790568,53.82701654725716,200.91876956317063,73.21574366260157,9.059232807642768,6.684993779194751,1.0,1.0,0.4658407451067468
24060,20341,0.001035,13.821473,363,277,212,117719502.88639612,0.999831797131156,14.81945984473767,0,9.694838467011516,12.804450263328228,3.893782305479605,0.5159711300866389,-1.9915725546280243,-2.998365175329879,9.455172653319815,0.6934239458866195,3.14377707693749,104997748.94952948,1.0,14.075989622824716,0,7.244238856556114,9.858293145877674,3.181698279286409,0.4401698096339256,-2.1880519231047413,-3.005222400420591,10.143195220289185,0.5866329024910165,3.029252635283573,89791737.97408172,1.0,13.41818531540832,0,5.589188740521378,7.559020009551446,2.3891783749900486,0.5181342903663463,-2.2857143955842014,-2.977876408124329,11.100094820672226,0.6225725886079865,3.2102037514239523,117984293.02871227,13279730081.558228,0.7729874904096832,2.675561864004592,780230192.1160969,43.87292892253108,42.34301115482824,12.882733351128664,13.821472686840837,4.0,363.0,148257639996001.1,81787262989845.53,164129647540418.72,130072053633272.23,74644564993367.03,150215473863665.72,184271341143091.3,92141820592501.08,170207156088349.1,189460390726379.28,77259120831328.3,162282657634724.7,25.778552144006262,27.78589820384872,32.787432548440584,64.80874750600607,117.87172334030414,117.87172334030414,13.821593072761884,13.821593072761884,0.0,0.0,0.0
24234,79,0.001035,13.821473,363,277,212,494069.62529363367,0.2118419128673439,8.31204446049384,1,11.507309302909183,11.956624443606342,0.3508027215406835,0.4404067523729947,-2.773247930626541,-2.895092443684467,0.5318931141238856,0.580744954801116,92.62340864414554,494699.6852736483,0.4869430137001901,11.290691711319525,1,8.457660889479552,8.917732890910594,0.3706452722633468,0.4000505736856182,-2.728223014771752,-3.1859534232841487,0.556911993660337,0.5594145717641759,39.4607093486723,495704.2729832341,0.844718336120994,7.274690983550334,1,6.261828382939925,6.931330193331018,0.3634257108850861,0.3269013897566203,-2.7952685338957264,-3.0025287733743498,0.5679226669069942,0.5892752392317799,38.29655833220315,701519.0931269899,911320373.415947,0.5834993816937075,1.13525156878512,36383134.37282267,19.078512296354084,18.820758602307915,5.542133677436109,8.714521969542556,4.0,363.0,1427906575790.503,968581118153.6826,4125065893116.802,-356712548951.871,-133189198318.58067,197837244651.9826,-454799292415.265,-30700999796.90404,294099810932.772,-53158001626.2184,148696898863.23422,749515246865.069,73.33525252997,80.42900130219165,81.8217866374463,63.21288387723949,244.6701481369697,28.02380618055948,8.812938080254687,6.129661861853973,1.0,1.0,0.794466978553341
24283,933,0.001035,13.821473,363,277,212,6063232.495709378,0.2133574822277982,11.79258884414234,1,12.60425800890935,12.603883812217813,0.0034712974084781,0.0037215984069117,-3.131559627584626,-3.0846514046643727,0.8800197101479444,0.8910834921429366,36.333849298877496,6066317.906776983,0.4635053421136036,6.842589761172778,1,9.563696335222668,9.5630188730565,0.0036042871156221,0.0037213093894899,-3.137578421713749,-3.0461593407331984,0.8828529201955826,0.8928312876470567,24.401822185007923,6071031.016016116,0.8070569955424162,5.085197668074716,1,7.358310717855139,7.357590600807189,0.0035900519540482,0.0039422180861051,-3.10915662312152,-3.032781149020131,0.885398049567818,0.8999941090804222,14.11140328269054,6141908.233985305,739380866.2891388,0.4552832413581108,1.2963329464055342,117.28132869966971,18.518618082761943,20.010006274946395,3.21865332167447,,4.0,363.0,-1633537152706.572,1893000690774.552,-1211388676081.231,-84001288081.37541,5366583565.11267,192477190645.25568,-196397725733.02112,226413258660.0828,183263044057.76303,59765680546.68543,109768669093.40294,-101274120093.60176,72.72353307244734,60.58348728207029,48.117286010028025,61.56745936921201,78.27321368291702,20.072692308971053,4.204589081423968,3.4797015272828404,1.0,1.0,0.5917940435542539
24555,42,0.001035,13.821473,363,277,212,283795.14952424093,0.0,102.78196142786052,2,,13.115750619036143,,0.0027102059603238,,-3.6795755284012426,,0.459093131151554,8.398845312778612,283858.66106176807,0.0,84.78409341349018,2,,10.075111078941566,,0.0027102059603238,,-3.6795755284012426,,0.459093131151554,11.150586396364174,283950.5208944257,0.0,94.5518549148915,2,,7.869983454120601,,0.002710205960324,,-3.6795755284012426,,0.459093131151554,6.145455939011793,,,,,,,,,,,,,,,,,,,,,,,,,,,,,,,,,,
24897,7,0.001035,13.821473,363,277,212,41875.31371766536,0.0,9999.0,2,,12.058215592801815,,0.0856900234953565,,-1.668937002352473,,0.0896424403856059,3.765193683272376,41916.0846058187,0.0,9999.0,2,,9.017576052707238,,0.0856900234953565,,-1.668937002352473,,0.0896424403856059,5.903709231654154,41978.872128170886,0.0,9999.0,2,,6.812448427886274,,0.0856900234953565,,-1.668937002352473,,0.0896424403856059,3.1085215583685413,,,,,,,,,,,,,,,,,,,,,,,,,,,,,,,,,,
24903,593,0.001035,13.821473,363,277,212,3877789.370138277,0.0,58.78625702380757,2,,12.828771688649011,,0.1298281026328102,,-3.140157757155245,,0.6397013158606306,20.28236135455589,3879309.128770273,0.0,56.768500001085165,2,,9.788132148554432,,0.1298281026328102,,-3.140157757155245,,0.6397013158606306,15.071976360029158,3881631.320105225,0.0,50.71699851451654,2,,7.583004523733468,,0.1298281026328102,,-3.140157757155245,,0.6397013158606306,14.768548776833192,4865012.597292662,217334963.38129044,0.3110157716587389,,2374182.774685489,15.796177797482958,17.402350889038125,1.6588958584030828,,4.0,79.0,212224024554.63705,138467295824.3526,335042389323.466,-4.0,-4.0,-4.0,-4.0,-4.0,-4.0,-4.0,-4.0,-4.0,71.89415470335017,-4.0,-4.0,-4.0,20.98163513734808,10.419599830651766,2.149978238768734,1.899438433357752,1.0,1.0,0.3363573221709209
24917,2,0.001035,13.821473,363,277,212,12536.355210533266,0.0,9999.0,2,,12.26665592041274,,0.0177241369783356,,-2.5062541448501063,,0.189770037524201,19.69335014227107,12545.912526323013,0.0,9999.0,2,,9.22601638031816,,0.0177241369783347,,-2.5062541448501063,,0.189770037524201,15.04962558938706,12560.631294238274,0.0,9999.0,2,,7.020888755497197,,0.0177241369783351,,-2.5062541448501063,,0.189770037524201,7.6332289580449535,,,,,,,,,,,,,,,,,,,,,,,,,,,,,,,,,,
25211,1,0.001035,13.821473,363,277,212,6363.690955977907,0.0,9999.0,2,,13.233388061670524,,0.0,,-2.834791275730129,,0.0,0.0,6364.8492717586805,0.0,9999.0,2,,10.192748521575943,,0.0,,-2.834791275730129,,0.0,0.0,6366.582997777894,0.0,9999.0,2,,7.98762089675498,,0.0,,-2.834791275730129,,0.0,0.0,12569.098544190638,26313196.86770439,0.1421515299198075,1.2230687601958807,135734654.54850528,10.954343155085423,28.079979163083173,2.9539173737336344,,4.0,89.0,418865562113.7876,-468803275386.4998,2736448609491.744,-4.0,-4.0,-4.0,-4.0,-4.0,-4.0,-4.0,-4.0,-4.0,67.87792380499343,-4.0,-4.0,-4.0,39.61822114872398,5.789294047894477,3.714931400106153,3.361764737848259,1.0,1.0,0.7450072296259184
25474,12635,0.001035,13.821473,363,277,212,78659839.68341185,0.6292320651058161,9.134672213140515,1,12.677289391885049,12.684831746239666,1.125085269699152,0.6269244930241961,-2.460912984519048,-2.686473620415737,6.091215053885072,4.660877464350118,51.54178879643742,78743890.51788342,0.7899086597409534,8.553276409230826,1,9.640541928768238,9.64420619101656,1.0814824481963317,0.3624817541290975,-2.523446989206941,-2.6951761142945454,6.030096791855401,3.499104295645152,37.15964256636301,78879995.98956598,0.8895675894420859,8.219936412234691,1,7.436490659164288,7.438838420816658,1.0497277094227664,0.1707235332189957,-2.561448327080339,-2.685898081625387,5.879377830482079,2.6590410153183264,23.949594305539065,76242056.6752553,7294782400.131226,0.4438822607954366,3.3875283924940094,124223663.29715776,41.25908118043552,41.38360497805084,4.6045957998602045,6.428541910587109,4.0,363.0,2956942266506.9697,436217875605.4292,-8445017220896.301,-133732872673.48166,12217346101.187124,1299454862094.3057,-734041112135.4225,1707640600054.7258,1994185724609.9143,682818154099.9841,4273198528181.5127,112922410201.45302,74.32215309370206,51.83968014283659,29.490862157452547,17.795554305633452,117.98231873874636,7.1425128605850405,6.355973654060223,5.2015240037651225,1.0,1.0,0.8858338066187142
26074,1201,0.001035,13.821473,363,277,212,7958440.090252596,0.0,58.87187546617192,2,,12.97309656536448,,0.0476408814079627,,-3.429008057607788,,0.673007223972913,27.612811013966763,7960787.694346474,0.0,47.55146637948811,2,,9.9324570252699,,0.0476408814079627,,-3.429008057607788,,0.673007223972913,32.30487703623681,7964340.476371381,0.00078696637357,42.77734830096871,2,7.730784988769843,7.727311760462994,0.0,0.0476589388103359,-2.3778889218788795,-3.4292181282942487,0.0,0.6726346642261078,19.02691042687163,8329715.34691751,585317984.2233658,0.4292101874614364,0.52784335022888,5001.743621229035,22.8732449895072,23.18875096009361,1.7778842401719526,,4.0,236.0,496906676718.046,381838292427.9709,737690199037.3777,-4.0,-4.0,-4.0,-4.0,-4.0,-4.0,-710403600.2751528,8221093807.199344,7618644623.293123,58.9397937485732,-4.0,-4.0,27.338332401430424,35.70579042022095,11.74249058246996,2.436165855072668,1.9408372158979768,1.0,1.0,0.5050404215147852
26765,977,0.001035,13.821473,363,277,212,6460381.700371361,0.4599660520062671,6.839958294977548,1,12.915163040227531,12.911144256123809,0.2258042905460169,0.1367903845279691,-3.80467573506777,-3.708223910918648,39.58647409230204,30.433775310985368,44.17454298014746,6462643.306606896,0.6011893226785961,4.615659858470977,1,9.874294982972623,9.870109283208146,0.2092216137037464,0.1462648696107756,-3.790492135710123,-3.684849227316629,36.5825542579522,32.77232561004754,37.89415063287643,6466090.784732128,0.9083646562001596,4.762113628206646,1,7.66812751679666,7.563635294443036,0.1857961416093456,0.1390208250602622,-3.7510141468298186,-3.768849819042341,33.52313444767064,44.73953748571393,15.10874288306706,6460403.092205524,2013863623.1422424,0.6580021471254341,2.058707458404447,4463992.086276685,25.064928957770647,25.675787028762954,4.290509468494251,2.6979415037515126,4.0,363.0,5030127293196.191,-7057337924649.862,7704246916186.596,782793874291.0547,-569757768076.9574,-925897867405.234,1180480902589.1848,-577121384984.019,-1134332089848.4834,3269517883796.625,-384002682812.5264,-1921988679423.612,62.27617791164355,54.98703575727876,58.65033162299077,74.84287525080087,97.50761547091862,29.840060327197502,5.582965190549945,4.797844425193815,1.0,1.0,0.5313607391704132
26809,31,0.001035,13.821473,363,277,212,180250.853798432,0.0,101.21955646822106,2,,11.611192342365417,,0.0037323352779114,,-2.046379053498772,,0.4492585246878627,75.76454092334556,180511.31243993927,0.0,76.20858851420881,2,,8.570552802270836,,0.0037323352779112,,-2.046379053498772,,0.4492585246878627,25.287833305024023,180911.9465884085,0.0,33.15041072985856,2,,6.365425177449872,,0.0037323352779113,,-2.046379053498772,,0.4492585246878627,52.6723187156094,56495713.07003498,911521241.06884,0.5054886960077177,0.9031793458244788,10192.823784610197,20.6406950028021,22.84324164209018,4.994347904042086,2.4095903408074024,4.0,363.0,-1456737851768.567,-3372458923488.248,6306977692677.243,100926836035.0013,-21294531870.054665,169727783559.88138,17655046571.87629,-942555542.693576,322167969021.3587,-120708147211.09068,548416474984.1958,163311246043.66476,55.13349680641861,51.32517904085387,44.90610655885755,9.978151101116286,60.95470707371347,23.12871151867716,6.319235148352412,5.860852966366704,1.0,1.0,0.4498627219048332
28208,2101,0.001035,13.821473,363,277,212,13254539.721377954,0.2493590976000494,11.77167692912358,1,12.721695774732478,12.960739145861496,0.6385902926296587,0.5741883981269834,-2.249881528648508,-2.7912045669418664,0.9279697605981796,1.4864845196595031,24.221713114679364,13262745.60941276,0.4988281311551528,8.131034923699342,1,9.743320746666368,9.921358251573556,0.6344878885604114,0.525991057478993,-2.308662292689513,-2.9041522245976723,1.2107314802569622,1.4936067877226396,20.261638766605056,13275412.777044132,0.7361715669022655,6.703812643847681,1,7.70895293853409,7.716457662779063,0.6251528914131028,0.4363189372483859,-2.546164780750346,-2.9507840335410145,1.3720593987309186,1.3341670084218658,14.567020585845306,10524865.938350558,918953269.7200776,0.3133449031341524,0.6969232804643771,50764190.70295961,27.006689328183736,27.942482205989773,1.7778842401719526,3.402700125281764,4.0,363.0,1889818743552.172,33888952052.09017,2017091231124.768,152010398618.20242,271602006161.2989,310792205425.4545,314365523621.1184,360058748528.9415,395400550796.7316,923594920689.6353,171633223885.6105,516191969929.7767,61.79128898893868,6.830355088686731,16.855453705534273,75.3531416129017,36.97525107779316,29.858729460696967,4.670401991480067,4.162844261818648,1.0,1.0,0.1064805890619928
28478,1,0.001035,13.821473,363,277,212,6632.170914141359,0.0,9999.0,2,,12.801821569243446,,0.0,,-2.666798754037362,,0.0,0.0,6634.7297264962135,0.0,9999.0,2,,9.761182029148866,,0.0,,-2.666798754037362,,0.0,0.0,6638.596416210873,0.0,9999.0,2,,7.556054404327902,,0.0,,-2.666798754037362,,0.0,0.0,12850209.60494876,3197756707.6683044,0.9897352648063144,1.1525283245928226,3473919.3736591623,24.974715389145786,29.37272920919618,9.263533790319835,,4.0,363.0,51500662743235.56,-25390207975140.32,-850420420221.7965,33639602447157.168,12274128260196.422,-4355289165674.547,43797437848772.36,-6979803432061.367,-5279075160126.605,57222013128847.73,-31681054913239.89,904118126531.7394,85.17063446311647,64.11523745493139,87.50064080048361,60.45254754665084,604.9441047780637,44.70964626479287,13.821593072761884,10.08700048452244,0.0,1.0,0.8623585373192328
28700,7813,0.001035,13.821473,363,277,212,44917305.49677136,0.9768955735400916,6.655298494293477,0,11.40771270569759,12.805379637600396,0.8351411949260082,0.7412845304261868,-1.238213214024341,-2.6697178798411803,0.921100376343254,0.990739317105309,38.91651848161542,44987699.73583575,0.9807099838159136,7.307326784046012,0,8.365704356017817,9.765114967342434,0.8348855254885035,0.7295050105308385,-1.2380316804242129,-2.679186015207033,0.9202873412653114,0.9924121729970666,17.832664865169445,45099655.06996941,0.9934285048117536,7.239555961665118,0,6.176142300808649,7.56425799075978,0.8387495897463686,0.3979856148157045,-1.239449678917743,-2.7964150198083377,0.9278781574742828,0.7794908960635917,7.9024428596853395,47213579.52803373,2803259491.920471,0.0999072441379707,2.445983732186179,25020812.51386806,42.70570849997981,33.05155132382604,3.997273692956424,,4.0,363.0,7656752460112.174,-3116628005369.521,-21836865261518.094,-3290918717672.3145,1454856762322.765,505543816161.0496,-2812788756705.601,-185541240754.80804,644053727159.5009,1690272419642.2612,-3360272213631.521,-2361769260462.6514,84.39563736082656,83.93268235530563,83.24170470113582,27.88937109688633,159.88422669612555,29.882592293838417,7.446070606768324,6.028913851756657,1.0,1.0,0.6850598808275457
29131,20954,0.001035,13.821473,363,277,212,129427908.03042296,0.876175955635449,9.189468804470533,1,10.705919653108907,10.706022901550089,2.3239297519890907,0.8200559862151593,-2.8463479625066013,-2.96121778120102,1.150969703787706,0.8422715559919081,42.437169067142925,130358774.60853568,0.9934064956631506,10.17774242819868,0,7.665312777672415,7.662569920538813,2.2235562385408327,0.951649554952486,-2.8687664928847134,-2.813173583362402,1.1157084731200564,0.8307134805024556,12.289351396037723,127385384.92538844,0.9981502820083916,7.773187478526069,0,5.460675749726924,5.455459868152368,1.9479382848156213,0.626217318908804,-2.934959342009985,-2.419983150653145,1.066128155503696,0.7899575126185556,11.043297399131305,8521213.894709945,16596199274.06311,1.533877718944296,49.99072737389028,390238398.8828619,29.69161264635151,52.39145132788788,7.257339073305925,10.548009979840394,4.0,363.0,-121955250316657.95,146984731250481.34,-89551155493152.89,-5234324410676.09,12328212575792.363,4414166298231.995,-3882324577051.6304,48928849153831.97,-3189319403336.5293,-8539777352173.699,34877702045069.312,-2987577925815.0176,46.39498911574915,44.81852476330268,52.544611248339336,23.321167851306992,211.60950369840103,38.28230647849828,9.634583013193582,7.929251461792589,1.0,1.0,0.6936089546000079
29845,3,0.001035,13.821473,363,277,212,18253.63458957048,0.3413291066455909,9999.0,2,10.934108856643997,10.951763707841891,0.0,0.0129756305922317,-2.9331508072553545,-3.1589261899509946,0.0,0.1689505124242292,41.63689557279486,18292.979684885853,0.6704618434825828,9999.0,2,7.90878455744448,7.89814853715508,0.015315240895064,0.0,-3.130513754815289,-2.9899756775267656,0.1973629475599347,0.0,49.95032322197248,18355.02031615662,0.6704380526159425,9999.0,2,5.703656932623516,5.693020912334115,0.015315240895064,0.0,-3.130513754815289,-2.9899756775267656,0.1973629475599347,0.0,10.653319147955816,,,,,,,,,,,,,,,,,,,,,,,,,,,,,,,,,,
29987,5964,0.001035,13.821473,363,277,212,34626318.684180126,1.0,13.263874325515914,0,7.903822601161985,,3.206056329849833,,-2.211452524032558,,1.0881017989691375,,1.516064370619423,35466015.245896816,1.0,13.210208872014377,0,4.863183061067407,,3.206056329849833,,-2.211452524032558,,1.0881017989691375,,1.4504635640816943,22522044.200325213,1.0,13.263231049170308,0,2.704280528840744,,2.5671477269835767,,-2.742896400480244,,0.9789129125825786,,1.4217007232639245,9632806.75932765,9833905696.868896,0.5741535853083416,4.521959474907458,266705599.86887783,31.71349774697191,46.67133798980458,7.694861943759565,,4.0,363.0,-10274691535500.176,-160065260496450.94,59353833918146.48,11316665238341.172,-49415151058947.45,23586301837636.062,-12764551496693.129,-77940089291959.81,43486349812065.9,-17138592053562.002,-151564080203905.0,80055051119475.17,88.07533714031004,73.02713141197087,73.69988492841854,43.96357166809295,374.155480235282,56.86943242866106,12.19952717748862,8.487777980041571,1.0,1.0,0.7361199747031772
32046,7841,0.001035,13.821473,363,277,212,45924194.29929545,0.9997663020261603,8.287342983149143,0,8.554863908518604,8.552533865123124,0.0312006705080941,0.0003077751564282,-3.048259075524121,-1.6792560858590737,0.8501407185540236,0.1934260556471595,8.827615235286588,46265131.28040406,0.999885049323436,7.448288030338868,0,5.514225956014725,5.510865983019952,0.0312043019203347,0.0046079702754716,-3.0485941214258387,-1.876486356069503,0.8501293392522951,0.4936662806556979,5.337962432418085,46916631.474215366,0.9998849594924558,9.45446466764401,0,3.30909833119376,3.305738358198987,0.0312045057522307,0.0025444614875164,-3.048259075524121,-1.876486356069503,0.850130279511006,0.722923317156586,3.1297092844285115,,,,,,,,,,,,,,,,,,,,,,,,,,,,,,,,,,
33027,2,0.001035,13.821473,363,277,212,13110.331008137287,0.0,9999.0,2,,12.22262444784634,,0.037940798153226,,-3.5359610569058235,,0.4359093801404818,2.247892733497281,13119.911051003131,0.0,9999.0,2,,9.181984907751762,,0.037940798153226,,-3.5359610569058235,,0.4359093801404818,17.289897009262482,13134.834276099537,0.0,9999.0,2,,6.976857282930798,,0.037940798153226,,-3.5359610569058235,,0.4359093801404818,5.390315877368664,83872.9647512082,154866231.60541058,0.7967389921693835,0.1111815873133432,0.0,9.418451451944206,13.004108655460495,5.582965190549945,,5.0,144.0,70701574717.66144,219650549131.1657,505561452811.6052,-4.0,-4.0,-4.0,-4.0,-4.0,-4.0,-4.0,-4.0,-4.0,74.35811159268174,-4.0,-4.0,-4.0,87.35373366097721,22.37025724055359,6.468938577862311,6.129661861853973,0.0,1.0,0.5922449218853287
34087,201,0.001035,13.821473,363,277,212,1316453.8994531825,0.0,58.492101627947214,2,,12.570489167481176,,0.1394721411899787,,-3.105199420716763,,0.4984891152469852,27.06123238749816,1317036.3791743591,0.0,56.88102724920117,2,,9.529849627386596,,0.1394721411899788,,-3.105199420716763,,0.4984891152469852,21.110128257459497,1317929.4299016176,0.0,35.86050170727189,2,,7.324722002565632,,0.1394721411899788,,-3.105199420716763,,0.4984891152469853,23.20861307191424,1353447.1509046853,389073789.11972046,0.4261367906208662,1.2582372322198137,1.3327071398832278,15.130116882239832,17.79103903510196,2.185784909433564,,5.0,162.0,137115417286.90855,-562251317163.0414,47702911668.19784,-4.0,-4.0,-4.0,-4.0,-4.0,-4.0,-4.0,-4.0,-4.0,83.03198068220011,-4.0,-4.0,-4.0,49.19961935970097,10.714641052774908,3.086855760156093,2.436165855072668,1.0,1.0,0.6423341962661092
34100,3738,0.001035,13.821473,363,277,212,22766164.29135701,0.0,56.05316492125469,2,,11.052040658960816,,0.3157414102039028,,-2.709480996778633,,0.1761738514811953,43.94445761076572,22810038.10773009,0.0,46.15728120653131,2,,8.011401118866235,,0.3157414102039028,,-2.709480996778633,,0.1761738514811953,51.63927798916355,22880948.858903736,0.0,32.63750786755392,2,,5.806273494045272,,0.3157414102039029,,-2.709480996778633,,0.1761738514811953,29.496304027008687,13781880.2613765,836799889.8029327,1.303364594507345,,9418676.986332867,15.999375032911264,18.51884348135185,3.3617775581613545,,5.0,186.0,-692913759118.384,822409772648.2024,-723801272727.7809,-4.0,-4.0,-4.0,-4.0,-4.0,-4.0,-4.0,-4.0,-4.0,73.0517770376005,-4.0,-4.0,-4.0,77.47939725112974,6.96169777515275,4.466889635084768,3.67528612576039,1.0,1.0,0.8351111440943322
34623,48,0.001035,13.821473,363,277,212,316978.275123096,0.1441599603508163,14.096502206374662,1,12.71591208088138,12.719123676621551,0.0217546869768239,0.0236631892512267,-3.5023008386833467,-3.3635505320573524,0.6632350968354319,0.5196472940598144,49.87622929732863,317112.9866108084,0.3541453452528395,8.103999630799219,1,9.678458712996337,9.673187197184024,0.0240570001886674,0.0229552046113277,-3.4919463920668914,-3.391631530944156,0.6429902775666918,0.5007708724357162,23.640282778708087,317323.5433482466,0.5622851790786006,5.767503338005292,1,7.473280309211004,7.473570404460722,0.0246385826824652,0.0217702336071653,-3.41971252983096,-3.488938842732832,0.5632191749431894,0.538954279892133,14.654567227543245,689212.1746204793,36758133.2102418,0.5005131144124715,,0.0,12.635573818187623,10.74620028863868,3.651611057757792,,5.0,363.0,276002066936.9899,205075933303.96805,59645707594.78728,97741110244.26263,30288304249.553787,-92129973096.139,142969907867.4201,42291179724.12357,-82137911417.9461,186786209628.23187,27896876344.73628,-33705589907.504345,32.54330464797288,86.1350442515663,88.31783269693184,86.60121145772538,105.83979409333072,29.01753193586484,4.797844425193815,3.997273692956424,1.0,1.0,0.5696558312362983
34759,7149,0.001035,13.821473,363,277,212,42648810.324475005,0.0008945658617064,50.08805004359138,2,10.972536138546817,11.92702007184638,0.2935416751998196,0.8162022392802784,-1.3611058643300906,-2.1676983047861595,0.2727666961330195,0.9654512769421714,21.80907491022141,42706009.5436106,0.0230810594081597,45.380578927299695,2,8.116621895675888,8.897105556455084,0.8991481586367601,0.8066964121488661,-1.3680036778578195,-2.293894806563588,0.6002956633507435,0.9665476092256758,24.12835700477773,42797508.946605474,0.0786783682162519,31.83081769458689,2,5.9344618910233145,6.717954481119341,0.9137032916057396,0.777324965503678,-1.3844558137734737,-2.4701342784138323,0.6333241804442854,0.9676355647963468,16.208632644791184,45728054.82894182,4922778010.368347,0.1441319513348901,2.376587981309882,276146314.8515686,43.11881300251209,41.85050152541839,3.1129535233276573,,5.0,363.0,-6923614702647.85,2899483622935.098,8658592520904.122,-28404778294.79644,6192835661.63743,13018163494.465588,-58251611288.762985,-16598479816.320496,18961680546.71024,-45992023084.80018,-40567013403.31928,6860910460.1346445,74.85954632832193,82.05009522761478,79.34242240941285,54.72437569962756,56.58612075685904,13.0049770095333,4.080397919026784,3.5189524963013943,1.0,1.0,0.6262459588383213
35033,421,0.001035,13.821473,363,277,212,2399045.950061419,0.1986687517423862,19.78226684872765,1,8.388731478852963,8.362927299100207,0.237924691039083,0.1885706707466525,-2.262536168688102,-2.475715159436782,0.3723334544631311,0.3622730425705409,56.53879139543253,2420057.371436365,0.5807095085827225,6.641590270141292,1,5.349186199778322,5.234997238347682,0.2204660837942517,0.1697714286691141,-2.375866714743084,-2.54717684509099,0.3687672199285556,0.3320292955617848,48.3652135544041,2461355.647677975,0.8697550805523809,7.38409252357856,1,3.139237571194101,3.028272519180785,0.2095260933013778,0.1084951475851691,-2.450951882430341,-2.6010977218292752,0.3755678036069932,0.2189439741627072,22.19246195448934,,,,,,,,,,,,,,,,,,,,,,,,,,,,,,,,,,
35548,20,0.001035,13.821473,363,277,212,108118.27526626566,0.1965295875796985,39.04756352521782,2,8.471389905372355,8.397101193303307,0.1920008259014899,0.2633569788330911,-1.5500454393918888,-1.54560535858822,0.0626283171059366,0.0756678442591545,22.088434835700447,108990.54082759004,0.8058578974377578,9.040563048605378,1,5.356461653208728,5.747854002180324,0.2348714620189548,0.2627629087514641,-1.5500454393918888,-1.419124464014347,0.0658427792557908,0.0775989842481024,13.891191489742354,110624.6779579959,0.9531628737253404,9.488093003107988,1,3.1600423108426154,3.3134730522087645,0.2461457050316536,0.2881609181249756,-1.5465949203041625,-1.4880248528358897,0.0725916694054022,0.0845693033817285,2.614744307646529,4948358.982801437,283218398.6902237,0.2302403426914439,,45027647.22601451,25.723716886922016,20.074399598845343,4.99429608052442,5.691180387895576,5.0,363.0,-1396357770223.2844,-220395658893.3469,1929444157169.6875,-46391089320.6114,-57031804352.62496,103131471515.46516,-35910618021.95779,52150141082.186806,81571587999.41933,427514509605.3682,82224737304.16893,14272395934.950216,58.01298068440998,84.2828557555299,35.83724853632382,81.00008851800091,117.3314859714325,14.841607171743972,6.787863257802216,5.74493554706885,1.0,1.0,0.7754216562721006
36459,102383,0.001035,13.821473,363,277,212,605691214.7785084,0.0,50.642926342143845,2,,11.688731135319566,,2.153122875198628,,-1.8866883289877,,1.396005412375696,42.17558502479472,609113888.9433893,0.0,38.07717585677518,2,,8.648091595224987,,2.153122875198628,,-1.8866883289877,,1.396005412375696,47.04848103554503,591882740.2318813,0.9914357603121652,29.104184858671744,0,6.539529439556163,7.423534080965986,1.7119833267480404,0.8913421522909584,-1.9108431667302488,-2.822915190130359,1.3768654695515363,3.028205904325286,9.457532254551298,,,,,,,,,,,,,,,,,,,,,,,,,,,,,,,,,,
36662,10,0.001035,13.821473,363,277,212,58590.0509874272,0.3042052919420897,9999.0,2,11.030813597043956,12.135560092802738,0.4991101116576825,0.5697248737205185,-2.1116594404013025,-2.2181220037917675,0.1323089539248857,0.1626991540757801,20.85715933998173,58676.262194634335,0.5003943428412316,9999.0,2,7.990174056949376,9.09972031453839,0.5604836444019722,0.5018292147373449,-2.1116594404013025,-2.2181220037917675,0.1828207681447374,0.1177797001386027,34.43556274868223,58810.52959417861,0.5986459355194038,9999.0,2,5.7850464321284125,6.894592689717427,0.5604836444019724,0.5018292147373449,-2.1116594404013025,-2.2181220037917675,0.1828207681447373,0.1177797001386027,8.60515911003531,4174201.749265194,49010841.17591381,0.5814415151186458,,2.9184198855792065,15.989714632786075,18.07495381865172,5.41383063863121,,5.0,363.0,286011631612.3881,98241936005.08952,372759019016.0783,245533394592.9886,110542611768.6696,31054980712.74216,226739645212.7248,116029854524.04834,124073015799.97824,396727925090.2594,64098209213.54456,116477604784.60423,62.69546945675433,51.09028545282585,39.49776279519114,79.11028062999942,289.9345739907178,19.243293245844384,8.575792638303446,6.028913851756657,1.0,1.0,0.8755195938322409
36724,694,0.001035,13.821473,363,277,212,3748429.1795803774,0.0,40.485333808767066,2,,8.539857783942391,,0.0119717533909245,,-1.483501162411592,,0.0978518631194313,8.273151911152112,3778169.0071332026,0.0,41.09578026802985,2,,5.499218243847814,,0.0119717533909245,,-1.483501162411592,,0.0978518631194313,8.907107449098454,3834199.812510641,0.0,21.82625388961123,2,,3.2940906190268486,,0.0119717533909245,,-1.483501162411592,,0.0978518631194313,4.167062800708927,,,,,,,,,,,,,,,,,,,,,,,,,,,,,,,,,,
37075,2726,0.001035,13.821473,363,277,212,17365568.032234143,0.9959458182327882,8.343324574387385,0,12.977060973773426,12.980843790778808,0.6851430153926741,0.4507780848114296,-2.669314214289085,-3.498671076898065,8.782927287469834,13.62627343197472,5.025640327971747,17377061.44939093,0.9988956447454892,8.928933870153966,0,9.936418422186794,9.939162445114842,0.6852779932780423,0.432436914754238,-2.664429509087033,-3.462932852525316,8.7611674502477,14.418303477920787,1.695034375803273,17394956.988705914,0.9981140584175692,10.87718969833028,0,7.731293808857883,7.735076625863265,0.6843918157959771,0.2167430795454841,-2.669789834540536,-4.089434961941331,8.814221015269299,14.609103520224233,0.7000378079219387,,,,,,,,,,,,,,,,,,,,,,,,,,,,,,,,,,
37115,1969,0.001035,13.821473,363,277,212,12408375.676760636,0.9543725016577153,5.785798196907583,1,11.865705357761357,11.918761352724433,1.1741963082300044,0.8795498884977513,-2.3734247725205315,-2.3963490796354163,0.4960289479773479,0.5272623288417501,7.796632331114749,12424937.233169738,1.0,8.63420488200862,0,8.825449799523414,,1.163945939846983,,-2.375097278945036,,0.4983828060418271,,0.9807004433023476,12451974.423893144,1.0,8.202251105272863,0,6.6203100136056365,7.970365391136491,1.163854524020759,0.0,-2.3750653616251705,-2.4092060663991743,0.4984940171898936,0.0,0.918827260080514,12899418.361485004,1286333799.3621826,0.9538964213555178,0.6522843491576625,99058945.7461187,22.617682746598323,23.299815551958805,6.626357571075804,4.038027537619618,5.0,363.0,14649025433260.57,91906152751.38754,-922905406278.242,2513130325328.86,2732190109130.437,-673000264072.8005,7254645581147.119,5528514103806.801,-1630227821831.567,13612386228111.523,4942755342814.858,-4418249512389.228,15.161629523361468,53.71163298601103,62.27217871738695,78.15783806052248,240.01055646815223,48.78199176679801,10.371842353280474,7.304841684623549,1.0,1.0,0.6621658552830048
37649,1579,0.001035,13.821473,363,277,212,10312235.37987652,0.6956877364120134,5.229608470085731,1,12.81680171912626,12.81249612280603,0.0066552007683472,0.0067315824663677,-3.3287231299600326,-3.06043693415166,0.8068281944685387,0.6899551696596584,44.46627123561627,10316120.713376915,0.7860491854897924,4.645167360474242,1,9.776029146508128,9.771423187036117,0.0066716958707311,0.0066557848657292,-3.312202380010189,-3.0453660727042213,0.8001472864660685,0.6823783412504189,19.336654188869897,10322043.543017764,0.8984328576886246,4.448382237717067,1,7.570577757692771,7.5655395276778865,0.0067067856903009,0.0063789533917941,-3.281085200546949,-3.005996229207621,0.7943209428229064,0.6272049229528348,12.943481535962889,10383485.350757835,950689762.8307344,0.6422532518194219,1.3007785718763372,0.5433612946874788,20.64025632172356,20.698016740661505,3.835838682909469,1.210149473122544,5.0,363.0,986512966951.6244,2136604258748.2244,-3351734823199.827,-775763479161.5646,1508510106315.1145,536601546653.4717,-583368070580.3005,1777221094335.9375,360653676118.1272,270545322491.2573,494010452296.229,490906315071.2561,57.63598202666033,48.36905194467432,46.3577677226609,36.904078510566215,142.67319700366943,30.48820798671633,6.071018107873813,4.290509468494251,1.0,1.0,0.6478637027874763
38342,6553,0.001035,13.821473,363,277,212,41179298.96414741,0.9626683392273488,7.163226766201498,1,11.69177728187882,11.674502063376464,0.570715554976626,0.4690474790741114,-3.0013700561900123,-2.8267941462547705,1.9917897352913847,0.5832455529453981,32.97303720629554,41219599.11204725,0.9843444021360864,8.721466171261483,0,8.65105903934409,8.612276522002668,0.5696707869594169,0.4199941845328481,-2.99670089017416,-2.7642111987119584,1.970106717613172,0.5589476393971331,23.599567343001222,41282998.03852263,0.990063447062876,7.910914154420862,0,6.445901839276443,6.407443912324021,0.5694698850309481,0.4536143421372272,-2.9966559750293844,-2.7853194505672025,1.9707555519041773,0.5479025781710678,8.638789346652924,41588917.3746109,5102149844.169617,1.3782566258826223,2.4945276164555032,83559.46324748693,29.33369926794422,33.73357356843747,6.012114768605458,2.436165855072668,5.0,363.0,14872090851861.633,60774716546993.81,21719797893821.344,-9508870507097.713,22804773414329.48,12200237714106.871,-3984929699541.8506,38134307032909.305,6829987426473.133,4384703873649.233,35023640995240.97,7955296334840.983,45.915513999217055,39.84527457553501,40.55050146562399,9.349241130259845,307.1386231199373,56.87237094647588,9.634583013193582,6.547361450364973,1.0,1.0,0.687523883214914
41486,1354,0.001035,13.821473,363,277,212,8908145.81052462,1.0,8.316872542299453,0,12.856364268021352,12.592985856662157,0.0391627854786496,0.0,-3.2365995929278024,-3.3190683382681923,60.35166096729064,0.0,1.0296754416356342,8911331.733938117,1.0,8.491045851767563,0,9.815724727926773,9.552346316567576,0.0391627854786496,0.0,-3.2365995929278024,-3.3190683382681923,60.35166096729064,0.0,0.9115223133552536,8916152.4477222,1.0,8.199641712876149,0,7.610597103105809,7.347218691746614,0.0391627854786496,0.0,-3.2365995929278024,-3.3190683382681923,60.35166096729064,0.0,0.836505453908004,8926556.911319494,2094008475.5420685,0.6906295203708186,2.1026982526495828,4038923.002597008,21.180323518203,23.22134644869684,6.391584234750476,1.184490041493263,6.0,363.0,4291671808153.415,19375972166149.96,-1084357315305.7662,-2857307269590.665,4370752234273.408,1900426702977.1453,-1603223551348.685,8495534209320.18,-485307227968.7257,-162929980635.5267,12651572338378.293,-1388677627585.2266,44.64093454757675,51.38373267177093,54.55243036102741,21.79163485588345,363.5137705812505,36.60019336590808,10.027609465641843,7.037693520941119,1.0,1.0,0.8170511571011217
42449,4210,0.001035,13.821473,363,277,212,25591654.8968832,0.9987024454481412,7.570384797292203,0,11.869062170884758,12.99819020967628,1.6281669181009997,0.0015447802662367,-2.31361621257588,-2.5009235748227168,25.18333242785996,0.2735600580831813,5.7378402361351455,25651964.149476554,0.9994732734957688,10.55021710200088,0,8.828463250356995,9.959892153241553,1.6282533571626037,0.0011897145106415,-2.3147079851986545,-2.948761107209401,25.1726137523807,0.0825643793604204,1.0924200841219964,25757808.57844408,1.0,11.006663621349084,0,6.623363018585732,7.755054009217332,1.6282967165583864,0.0,-2.3167060084816766,-3.000950980839417,25.16718762776044,0.0,0.7861721292472823,24819504.469633102,3600690364.8376465,0.4838544731178139,1.3044553633199996,58164094.59804453,31.66247082538998,36.38730000635215,5.381353522320939,5.86605188424114,6.0,363.0,6186545286083.908,15793326487462.744,-39651602650635.85,5079280528650.859,-9979212641067.766,2807830529755.819,7157118380454.23,-18688617783979.824,3404603967773.041,10691690958685.232,-27046476870420.8,2025477865745.2275,60.62300455358268,71.12315513093343,65.06768102726377,27.4209507323567,230.03778334409563,45.02827412254677,7.881882165944564,5.90346484482726,1.0,1.0,0.6726002870928021
43085,286,0.001035,13.821473,363,277,212,1917761.3271224285,0.0,61.39020477568896,2,,13.160114930184116,,0.0857348919915933,,-3.079872416488088,,0.6038927858826671,18.32105149845035,1918201.0133175857,0.0,62.54035876012237,2,,10.119475390089535,,0.0857348919915933,,-3.079872416488088,,0.6038927858826671,15.110280546281478,1918862.0765193496,0.0,63.09636321989244,2,,7.914347765268571,,0.0857348919915933,,-3.079872416488088,,0.6038927858826671,12.8426148341175,2018750.3832858056,207090899.34825897,0.2251159557363594,0.828666542425875,43425032.58460058,15.328379913271949,19.68910573657502,1.1052842140858103,,6.0,19.0,28990562318.13772,-123942537723.5392,-89208737412.5488,-4.0,-4.0,-4.0,-4.0,-4.0,-4.0,-4.0,-4.0,-4.0,83.27178069671353,-4.0,-4.0,-4.0,16.048774909796776,3.048013216099485,1.4744415755506937,1.3180451022472794,0.0,1.0,0.6807826325552393
46283,14446,0.001035,13.821473,363,277,212,83824593.72668707,0.8928529692603714,8.009364741229898,1,10.968767380009856,12.794592501071673,1.202509133742549,0.9485062596468152,-1.2726096537835585,-2.78329956708282,1.0075674871528273,1.0074434491313675,32.25605129935406,83988644.1931031,0.9747730829010508,7.698310398170356,0,8.024260173124452,9.748857272911351,1.2191472959954277,0.2599921891007846,-1.30734879669343,-3.030816106883929,1.0338807247465556,0.6315491223298196,22.99964560407106,84259211.6139935,0.984365553964363,8.957570534582992,0,5.8379218412970975,7.54114250136493,1.221589852234189,0.1713333031133,-1.313124217521072,-3.0378964717682813,1.038790902780142,0.5593542462461295,12.622504392487883,77511984.8549366,6631328463.554382,0.2155423507338418,2.7493079729535905,207526871.3576285,49.998635963326976,43.01870629214032,3.754830196479572,9.212005111238872,6.0,363.0,14623102811807.996,-17720959477348.21,11575419284041.867,-1249306784157.3318,2458291475991.611,2245925421967.6206,-4218758372218.85,4206197332246.317,2776751826380.115,-10474318890476.797,13832155039150.318,-3993868020976.624,68.80077098210242,37.67660700164829,54.85063823716783,44.86708010529224,135.87727352877468,18.21149516317677,5.582965190549945,4.162844261818648,1.0,1.0,0.7636233280624818
46557,330,0.001035,13.821473,363,277,212,2033997.058866021,0.9655120305698404,6.179110840662895,1,12.061222215300813,12.06975695263368,0.2278079350393638,0.0441253753260068,-2.554033266989973,-3.2822436833744986,0.7737609519634583,0.8854361475495437,6.045012777015908,2036101.517197125,0.9968594564511698,5.969636985989961,0,9.020994898379906,9.028455781834436,0.2245204327090727,3.0203170879872232e-05,-2.5705597792628234,-3.2084505388778166,0.7839551648896391,0.0125452091774538,6.329086238880084,2039396.011310986,0.9968602119874932,7.880439988874182,0,6.815983943166975,6.823297953842591,0.2242736947021912,0.0,-2.572707911641772,-3.2209957480552704,0.7830846925619604,0.0,0.9389958239457552,2083228.318952024,701618343.5916901,0.4205836062137752,0.7359232558188431,4295319.188845063,21.87583202604378,20.91726682173468,3.714931400106153,2.814748828601538,6.0,363.0,5183156729514.887,141687263061.22678,1578006922080.5225,2933174694632.26,205126667024.053,-764804630462.9397,4343272418303.021,-261643487972.85577,-1371226639385.6072,5209816390310.78,-1596833997856.3447,-1420766501333.6409,62.94936512522097,80.24904905637194,88.64357776368472,68.12250370105498,196.60114325380937,25.22898131204106,6.293171125256401,4.038027537619618,1.0,1.0,0.7725378249557642
47476,8054,0.001035,13.821473,363,277,212,47651497.93821886,0.618168750439531,6.217605362769334,1,10.684751787768947,10.686461346711768,0.1321613803593421,0.108456239057013,-2.339041969519225,-2.690183246046816,0.7630045028749445,0.7520047339681609,66.16964922855396,47778196.29436788,0.7694063762367651,5.838027721833448,1,7.6441614247949,7.646501769293518,0.1305100977011786,0.1009386983347867,-2.375960627916876,-2.759517319499017,0.7707466041405878,0.7279837824317956,28.245041590320028,47986895.58359938,0.922565120777411,6.955014213791405,1,5.4394245536780925,5.442052404296646,0.1263481505237864,0.1028619584532001,-2.424200334860666,-2.8469351864085084,0.7686836643167171,0.7010772803917865,11.638795059270707,53186807.7814579,5263644456.863403,0.6991933711683554,8.835600815936996,43369571.65283125,38.37625052349328,34.620660742370795,3.67528612576039,3.596020264242824,6.0,363.0,32115372043601.062,40907450092074.55,-5260618808609.12,1423475537120.1897,-1422052618606.998,-110333098397.86617,1233360571413.2913,-1584366222530.181,-277722622688.302,3130833453035.27,-2803740851671.24,-1893242879554.09,22.9455468943765,71.01623392415016,61.31556014006168,44.02209100147618,177.1728173420629,41.94238840967317,5.74493554706885,3.956616197262355,1.0,1.0,0.6171658806993512
56026,94571,0.001035,13.821473,363,277,212,550922126.5743387,0.0,52.410072025639245,2,,10.637421082107876,,1.9491923978443664,,-1.9326351432570583,,2.938996774781492,42.06022955584409,553256100.7681248,0.0,50.587008216776255,2,,7.596781542013296,,1.9491923978443664,,-1.9326351432570583,,2.938996774781492,30.92571093294296,558640353.5480771,0.4208895866400916,27.83329072843149,1,3.81684048994912,6.569633107900856,1.9165490485371133,1.6957689337023092,-1.5409359381929717,-2.114762440645626,1.8609849045200408,3.5034017907103148,40.818200171328925,219484791.15962985,67448573112.48779,1.1985939751282657,6.643092346092876,2512404855.771442,67.10712279466945,91.0646979777738,5.305167552661738,,7.0,217.0,-95393125935115.4,654790007865785.6,87991779870241.86,-4.0,-4.0,-4.0,-4.0,-4.0,-4.0,-984215321421.799,1441737094169.7373,-273259552129.5184,58.50753048761953,-4.0,-4.0,40.19220240296463,104.73662829212816,17.859737877901974,6.626357571075804,5.955884850482811,1.0,1.0,0.708641643535631
74688,50,0.001035,13.821473,363,277,212,328914.00156039384,0.0,101.08428321167776,2,,12.743202003193565,,0.0020938568779705,,-3.957861394181711,,0.2602718687546398,33.59930771991397,329047.84998249385,0.0,95.41860653125391,2,,9.702562463098982,,0.0020938568779706,,-3.957861394181711,,0.2602718687546398,28.43798413709379,329252.11855119147,0.0,72.77711131546374,2,,7.49743483827802,,0.0020938568779705,,-3.957861394181711,,0.2602718687546398,21.785875349300287,194128.4062922932,229587666.6903496,0.1376824758595644,1.1995544852896014,10292546.427566484,4.52653726096004,19.81162309207692,1.3180451022472794,,9.0,57.0,-297278241561.3863,42813377890.33483,-818616117.7058356,-4.0,-4.0,-4.0,-4.0,-4.0,-4.0,-4.0,-4.0,-4.0,70.18019483736502,-4.0,-4.0,-4.0,35.23666471142208,12.979923763556188,2.149978238768734,1.542507352597526,1.0,1.0,0.4615992473091684
75429,2133,0.001035,13.821473,363,277,212,12608285.634517768,0.1078252947848843,21.330263370181697,1,10.469310042514486,10.878474967026618,0.6241334710983882,0.8315684302037709,-1.7869433808621242,-2.001707061302968,0.412000643299192,0.7038684393770457,56.785908470427984,12634329.91259338,0.1449528773136233,23.50484471159524,1,7.430823132293965,7.91352516989922,0.646675527824231,0.83116085669844,-1.7875280627043102,-2.064975648065513,0.514672570032339,0.7031584740757384,33.09871560000584,12676761.60843353,0.3733816871353403,7.587435602279959,1,5.281901293420502,6.53361027196887,0.690231144021059,0.8169827531806497,-1.8146783459128664,-2.2969143795338995,0.525727895886559,0.7253932375586043,28.36570528028957,9006407.926790416,1147134900.0930786,0.2451526205848282,1.2586698356577122,138777526.29664445,28.593781379935987,26.25670574545014,3.257258061150076,3.835774377042788,9.0,363.0,2676911607037.015,-66286142226.44617,2500076367363.7617,-107937486664.93388,212323791992.8256,-112450531563.66428,-158484327294.90805,209212508029.905,-139040296742.582,-171637422066.22687,32239713609.14681,-9827932705.092978,67.19268812040693,80.04845624663517,88.68916235747622,78.661350637391,102.10717078853295,13.361220406740106,4.6045957998602045,3.6515795105265374,1.0,1.0,0.7685735417557793
79339,294,0.001035,13.821473,363,277,212,1928582.246591777,0.9003461607436017,9.823998903592011,1,12.803280741325096,12.91270693188612,2.0169014332120803,0.6036379411233042,-3.2411545110213047,-3.532065594554016,27.1657090479238,44.8380692787494,55.99566740639037,1897357.2234995733,0.0,13.610898026175564,2,,9.869228349918206,,0.6611078947057661,,-3.371597848985953,,35.966123346396614,14.283457908089416,1899043.617122585,0.0,11.224960270683862,2,,7.664100725097243,,0.6611078947057661,,-3.371597848985953,,35.966123346396614,14.968108088163971,,,,,,,,,,,,,,,,,,,,,,,,,,,,,,,,,,
80550,197,0.001035,13.821473,363,277,212,1211371.6906510957,0.8170631618581748,3.5203298735474027,1,11.095455267401828,11.096016148774392,0.086477671511133,0.0565640430423194,-3.1353668607667697,-3.185450150937764,0.297342722049112,0.1428974868608868,20.383120245631968,1213717.6577659303,0.8621558168497186,3.76820118795276,1,8.05483148510943,8.055339420579996,0.0851342850254949,0.0603274900673178,-3.1481070262717545,-3.179223466149802,0.2926082664528157,0.1469925558935852,12.318844526086464,1217518.0143784168,0.9541563833828296,3.5718735266663004,1,5.849833739624186,5.850081427066513,0.0822548163542695,0.0690990893260597,-3.160191606902554,-3.195785244749464,0.2790058676307137,0.1738977282145453,4.131566199482227,1313403.045060113,236417055.13000488,0.9802209759906892,0.3990696929406647,2122443.682182617,12.249624236020274,16.01596718823342,5.305167552661738,,9.0,363.0,1000669598611.322,4158560852144.141,3973263097012.618,-418770329691.70514,199651068418.42545,844642810768.8436,-718513623913.9941,691267479518.1819,925569272396.074,-531898760088.14136,1199156377824.5503,486527419917.6854,61.35029401934237,54.30571250127212,46.08357519554796,21.333999026014027,218.04449143426496,54.80785245272496,8.389458658077599,5.955884850482811,1.0,1.0,0.598259984342115
113414,10,0.001035,13.821473,363,277,212,60214.542746546846,0.0,9999.0,2,,10.31203294259834,,0.4696716352666723,,-2.829094916712952,,0.2101260185137023,31.530313665811697,60381.92484506164,0.0,9999.0,2,,7.271393402503762,,0.4696716352666722,,-2.829094916712952,,0.2101260185137023,17.851511616564743,60662.99850113237,0.7055144057899461,9999.0,2,,5.066265777682797,,0.4696716352666723,,-2.829094916712952,,0.2101260185137023,4.027093787712439,,,,,,,,,,,,,,,,,,,,,,,,,,,,,,,,,,
650775,566,0.001035,13.821473,363,277,212,3391668.719904513,0.556468737154317,2.556530654123473,1,11.032134074512742,11.041089462650834,0.5660764314288909,0.564685130819726,-2.0993340020629354,-2.108089107963288,0.5723426925555719,0.4706138887736938,20.0166787854628,3397194.72015197,0.8522611249265585,3.88150882296431,1,7.991494534418162,8.1809041108564,0.5651696730525897,0.5636267125476782,-2.1051718974367155,-2.088171226015361,0.5185010886039406,0.5253716079363622,12.767643335367648,3406001.802413594,0.9737801572916152,3.392155912620791,0,5.786001401012978,6.011323445185091,0.5686757624694607,0.5461482304876211,-2.106477822535571,-2.083024900880804,0.5318200400080145,0.4501834917636763,3.245520127221574,,,,,,,,,,,,,,,,,,,,,,,,,,,,,,,,,,
864700,3,0.001035,13.821473,363,277,212,20078.34068768643,0.0,9999.0,2,,12.768507918203904,,0.0052338501474273,,-3.19802580107785,,0.5866438194311514,11.25584471181704,20086.177238448705,0.0,9999.0,2,,9.727868378109324,,0.0052338501474273,,-3.19802580107785,,0.5866438194311514,12.633459989708758,20098.129193716333,0.0,9999.0,2,,7.522740753288359,,0.0052338501474269,,-3.19802580107785,,0.5866438194311514,1.9538508675532824,,,,,,,,,,,,,,,,,,,,,,,,,,,,,,,,,,
